Created Variable Name – original position relates to https://mushroomobserver.org/species_lists/1417?q=1mg6c,Original position,Part,Type,Comments,Data ,Reference,,,
pileus_shape_form,1,111,1,Lookup table,"Convex, Hemispherical, Spherical, Ovoid, Conical, Cylindric, Flat, Depressed, Funnel-Shaped, Companulate, Cuspidate, Umbonate, Papillate, Umbilicate, Uplifted, Parabolic, Pulvinate, Plane, Infundibuliform, Other",,,,
pileus_height_mm,2,111,1,,,,,,
pileus_width_mm,3,111,1,,,,,,
pileus_tissue_thickness_mm,4,111,1,,,,,,
pileus_color_spectrum,5,111,1,,,,,,
pilei_surface_wetness,6,111,1,Lookup table,"Dry, Moist, Glutinous, Gelatinous, Viscid, Subviscid, Other",,,,
pileus_hygrophanous_or_non,7,111,1,,,,,,
pileus_striate_or_not,8,111,1,,,,,,
pileus_center,9,111,1,Lookup table,"Indented, Nearly perforated, Perforated",,,,
pileus_central_disc_colored,10,111,1,Lookup table,"darker, lighter",,,,
pileus_pellicle_gelatinous_separable,11,111,1,,,,,,
pilei_surface_shininess_or_non,12,111,1,,,,,,
pileus_surface_texture,13,111,1,Lookup table,"Glabrous smooth, non-glabrous Downy-Wooly, non-glabrous Matted-Fibrillose, non-glabrous Furfuraceous, non-glabrous Granulose, non-glabrous Pruinose, non-glabrous Squamose, non-glabrous Squamulose, non-glabrous Scaly, non-glabrous Hairy, Shaggy, Bristled/Bristly, Strigose, Warted, Appressed, Appressed-Fibrillose, Tomentose, Virgate, Scrobiculate, Alveolate, Lacunose, Lacinate, Areolate, Atomate, Micaceous, Superficial, Innate, Venose, non-glabrous Other",,,,
pileus_margin_form,14,111,1,Lookup table,,https://mushroomobserver.org/species_list/show_species_list/1770?q=1l6a2,,,
pileus_margin_smooth_cleft_in_turn,15,111,1,,,,,,
pileus_veil_flocks_adhere_pileus_margin,16,111,1,,,,,,
pilei_striations_length_mm,17,111,1,,,,,,
pilei_striations_width_mm,18,111,1,,,,,,
pilei_striations_depth_mm,19,111,1,,,,,,
pilei_striations_frequency,20,111,1,,,,,,
pilei_striations_countenance,21,111,1,,,,,,
pileus_cuticle_removes_easily,22,111,1,,,,,,
pileus_radial_furrows_present,23,111,1,,,,,,
pileus_stem_clean_separation,24,111,1,,,,,,
pileus_spore_deposits_resting_on_pileus_surface_color,25,111,1,,,,,,
pileus_response_knife_streak,26,111,1,,,,,,
pilei_zonate_pattern,27,111,1,,,,,,
pileus_rolled_up_presence_reveals_lamellaes_curled_up,28,111,1,,,,,,
lamellae_color,29,111,1,,,,,,
lamellae_color_change_sterile_to_young,30,111,1,,,,,,
lamellae_color_change_to_mature_lamellae,31,111,1,,,,,,
lamellae_distance_spacing,32,111,1,Lookup table,"Close, Crowded, Distant, Sub-Distant, other",,,,
lamellae_thickness,33,111,1,Lookup table,"Average, Thick, Tapering, other",,,,
lamellae_blade_breadth,34,111,1,Lookup table,"Narrow, Broad, Ventricose, etc.",,,,
lamellae_edges_exhibit_gelantinour_pallid_thickish_thread ,35,111,1,,,,,,
lamellae_attachment,36,111,1,Lookup table,"Adnate, Adnexed, Sinuate, Decurrent, Collared, other",,,,
lamellae_spore_print_colors,37,111,1,,,,,,
lamellae_spore_print_deposit_heaviness,38,111,1,,,,,,
lamellae_permanently_sterile,39,111,1,,,,,,
lamellae_nearly_sterile,40,111,1,,,,,,
lamellae_anastomosing_present,41,111,1,,,,,,
lamellae_false_present,42,111,1,,,,,,
lamellae_lamellula_present,43,111,1,,,,,,
lamellae_position_above_view,44,111,1,,,,,,
lamellae_forking_branching,45,111,1,,,,,,
lamellae_mottled_present,46,111,1,,,,,,
lamellae_margin_nuanced_color_due_cheilocystidia,47,111,1,,,,,,
lamellae_margins_nuanced_texture_appearance,48,111,1,Lookup table,"Serrated, Eroded, Sinuate, Wrinkled, other",https://mushroomobserver.org/species_list/show_species_list/2051?q=1mJjU,,,
lamellae_wavy,49,111,1,,,,,,
lamellae_knife_cut_response,50,111,1,,,,,,
lamellae_veil_fragments_adhere,51,111,1,,,,,,
lamellae_lamellar_edge_partially_completely_pigmented_edges_not_cystidia_appearance_result,52,111,1,,,,,,
stipe_veil_or_cortina_present,53,111,1,,,,,,
stipe_annulus_or_annular_zone_present,54,111,1,,,,,,
stipe_annulus_scar_from_once_present_annulus,55,111,1,,,,,,
stipe_annulus_easily_removed_or_falls_off_stem,56,111,1,,,,,,
stipe_annulus_ridge_present,57,111,1,,,,,,
stipe_length_mm,58,111,1,,,,,,
stipe_width_mm,59,111,1,,,,,,
stipe_bulbous_base_diameter_mm,60,111,1,,,,,,
stipe_bulbous_base_height_mm,61,111,1,,,,,,
stipe_colors,62,111,1,,,,,,
stipe_surface_texture,63,111,1,Lookup table,"Smooth, Banded, Peronate, Fibrose, Lacunose, Longtidunally Striate, Ribbed [Costate], Scabrous, Pruinose [Powdery], Speckled, Punctate, Glandular-Dotted, Reticulate, Other",,,,
stipe_apex_has_striations,64,111,1,,,,,,
stipe_color_spectrum,65,111,1,,,,,,
stipe_interior,66,111,1,Lookup table,"centrally solid, stuffed (w/hyphae), hollow, fistulose, broadly fistulose, partially stuffed/partially hollow, chambered",,,,
stipe_vertical_fold_present,67,111,1,,,https://mushroomobserver.org/glossary_terms/1856 and https://mushroomobserver.org/species_list/show_species_list/2012?q=1lHmX,,,
stipe_rhizomorphs_present_at_base,68,111,1,,,,,,
stipe_mycelium_present_at_base,69,111,1,,,,,,
stipe_pseudorhiza_present,70,111,1,,,,,,
stipe_base_shape,71,111,1,,,,,,
stipe_base_color,72,111,1,,,,,,
stipe_base_width_mm,73,111,1,,,,,,
stipe_base_height_mm,74,111,1,,,,,,
stipe_base_attachment,75,111,1,,,,,,
stipe_basal_disc_present,76,111,1,,,,,,
stipe_radicating_or_non,77,111,1,,,,,,
stipe_basal_mycelium_form,78,111,1,,,,,,
stipe_basal_mycelium_color,79,111,1,,,,,,
stipe_basal_mycelium_width_mm,80,111,1,,,,,,
stipe_basal_mycelium_length_mm,81,111,1,,,,,,
stipe_basal_mycelium_density,82,111,1,,,,,,
stipe_basal_mycelium_substrate_attachment,83,111,1,,,,,,
stipe_basal_mycelium_cell_amiloidity,84,111,1,,,,,,
substrata_items_still_attached_to_basiodcarp_base_upon_harvesting,85,111,1,,,,,,
stipe_pattern_appearance_consistency,86,111,1,,,,,,
stipe_form,87,111,1,Lookup table,"flexuose, straight, extremely flexuouse, somewhat flexuouse, consistently straight, other",,,,
stipe_base_nuance_contrast,88,111,1,,,,,,
stipe_base_striations,89,111,1,,,,,,
stipe_base_striation_length_mm,90,111,1,,,,,,
stipe_base_striation_width_mm,91,111,1,,,,,,
stipe_base_striation_depth_mm,92,111,1,,,,,,
stipe_base_striation_frequency,93,111,1,,,,,,
stipe_strict_or_relaxed_longitudinal_lines,94,111,1,,,,,,
stipe_line_patterns,95,111,1,,,https://mushroomobserver.org/glossary_terms/1073,,,
stipe_volva_present_observable_attributes,96,111,1,,,,,,
stipe_volva_height_mm,97,111,1,,,,,,
stipe_volva_present  ,98,111,1,,,,,,
stipe_volva_evanescence,99,111,1,,,,,,
stipe_volva_persistence,100,111,1,,,,,,
stipe_volva_pseudovolva_present,101,111,1,,,,,,
stipe_volva_sack_elongated_tubular_present,102,111,1,,,https://mushroomobserver.org/460796?q=1mlYQ,,,
stipe_volva_marginate_bulb_present,103,111,1,,,,,,
stipe_volva_oxonium_present,104,111,1,,,,,,
stipe_surface_tissue_peeling_up_or_down,105,111,1,,,https://mushroomobserver.org/species_list/show_species_list/2042,,,
stipe_veil_flocks_adhere_stipe,106,111,1,,,,,,
stipe_easily_fractures_when_bent,107,111,1,,,,,,
stipe_surface_spore_deposit_color,108,111,1,,,,,,
stipe_pothole_like_depression,109,111,1,,,,,,
stipe_annulus_persistent,110,111,1,,,,,,
stipe_surface_exhibits_cottony_hyphal_appearance,111,111,1,,,,,,
stipe_mycelium_growing_up_base_and_up_stem,112,111,1,,,https://mushroomobserver.org/487056?q=1mPN1,,,
stipe_tapered_upward_or_downward,113,111,1,,,,,,
stipe_internal_necrosis_present,114,111,1,,,,,,
stipe_annulus_height_in_relation_to_stipe,115,111,1,,,,,,
stipe_knife_cut_response,116,111,1,,,,,,
stipe_exhibits_noteworthy_elevated_striations,117,111,1,,,,,,
macro_fruiting_body_entire_height,118,111,1,,,,,,
macro_growth_stage_video,119,111,1,,,,,,
macro_habitat,120,111,1,,,,,,
macro_ecology,121,111,1,,,,,,
macro_substrate,122,111,1,,,,,,
macro_substrata,123,111,1,Lookup Table,"On Soil, Decaying Wood, Humus, Duff, Bryophytes, Dung, Grass, Tree Cones, Tree Needles, Leaves, other",,,,
macro_trees_present,124,111,1,Lookup Table,"Saprophytic, Parasitic, Endophytic, Ectomycorrhizal, Symbiotic, other",,,,
macro_nutrition_mode,125,111,1,Lookup Table,,,,,
macro_mycorrhizal_relationships,126,111,1,,,,,,
macro_plant_relationships,127,111,1,,,,,,
macro_nutrition_mode_change,128,111,1,,,,,,
macro_locality,129,111,1,,,,,,
macro_geographic_distribution,130,111,1,,,,,,
macro_latitude,131,111,1,,,,,,
macro_longitude,132,111,1,,,,,,
macro_fruiting_body_entire_weight,133,111,1,,,,,,
macro_natural_fruiting_time_of_year,134,111,1,,,,,,
macro_sclerotia_pseudosclerotia_present,135,111,1,,,,,,
macro_primordia_form,136,111,1,,,,,,
macro_primordia_colors,137,111,1,,,,,,
macro_growth_pattern_general,138,111,1,,,,,,
macro_field_chemical_reaction_test,139,111,1,,,See dedicated section further down,,,
macro_aroma,140,111,1,,,See dedicated section further down,,,
macro_flavor,141,111,1,,,See dedicated section further down,,,
macro_universal_veil_present,142,111,1,,,,,,
macro_universal_veil_remants_warts_present,143,111,1,,,,,,
macro_deliquesence_present,144,111,1,,,,,,
macro_lactiferous_fluid_present,145,111,1,,,,,,
macro_transient_morphing_ephemeral_characters_during_growth_stages,146,111,1,,,,,,
macro_stature_types,147,111,1,,,,,,
macro_basidiocarps_fragile_normal_tough,148,111,1,Lookup Table,"fragile, normal, tough",,,,
macro_handling_specimen_color_change,149,111,1,Lookup Table,"none, subtle, drastic",,,,
macro_photographic_compare_fresh,150,111,1,,,,,,
macro_photograph_compare_dried_completely_dehydrated,151,111,1,,,,,,
macro_pileus_compare_color_spectrum_very_moist_rainy,152,111,1,,,,,,
macro_pileus_compare_color_spectrum_non_rainy,153,111,1,,,,,,
macro_stipe_compare_color_spectrum_very_moist_rainy,154,111,1,,,,,,
macro_stipe_compare_color_spectrum_non_rainy,155,111,1,,,,,,
macro_fluorescent_reaction_ultraviolent_light_present,156,111,1,,,,,,
macro_bioluminescence,157,111,1,,,,,,
macro_pilei_exhibit_darkening_burn_like_character,158,111,1,,,,,,
macro_stipe_exhibit_darkening_burn_like_character,159,111,1,,,https://mushroomobserver.org/species_list/show_species_list/2040?q=1lwxJ,,,
macro_time_from_primordia_to_decompose,160,111,1,,,,,,
macro_elevation,161,111,1,,,,,,
macro_survive_completely_aquatic_environment,162,111,1,,,,,,
macro_survive_snowpack_melt_mountains,163,111,1,,,,,,
macro_survive_fire_burn,164,111,1,,,,,,
macro_fruiting_temperature_low,165,111,1,,,,,,
macro_fruiting_temperature_high,166,111,1,,,,,,
macro_fruiting_humidity_low,167,111,1,,,,,,
macro_fruiting_humidity_high,168,111,1,,,,,,
macro_grow_light_uv_spectrum_response,169,111,1,,,"Also, see the following presentation and skip to 7 minutes in: https://m.youtube.com/watch?v=M9joL8spvS8#fauxfullscreen Note: Not only the first and second flushes of a fruiting species are tested, but importantly, the third and fourth flushes are compared",,,
macro_deep_low_sounding_audio_waves_during_growth_response,170,111,1,,,,,,
macro_albinistic_leucistic_fruit_body_presence,171,111,1,,,,,,
macro_secotioid_formation_present,172,111,1,,,,,,
macro_mycelium_strongly_present_above_substrate_surface,173,111,1,,,,,,
macro_aborts_pins_present,174,111,1,,,,,,
macro_pileus_guttation_drops_present,175,111,1,,,,,,
macro_stipe_guttation_drops_present,176,111,1,,,,,,
macro_lamellaes_guttation_drops_present,177,111,1,,,,,,
macro_pileus_guttation_drops_color,178,111,1,,,,,,
macro_stipe_guttation_drops_color,179,111,1,,,,,,
macro_lamellaes_guttation_drops_color,180,111,1,,,,,,
macro_pileus_guttation_drops_abundance,181,111,1,,,,,,
macro_stipe_guttation_drops_abundance,182,111,1,,,,,,
macro_lamellaes_guttation_drops_abundance,183,111,1,,,,,,
macro_agaricicolous_growing_on_other_fungus,184,111,1,,,,,,
macro_polymorphic,185,111,1,,,,,,
macro_fungal_dysmorphias_present,186,111,1,,,https://mushroomobserver.org/species_list/show_species_list/401,,,
macro_veil_thickness,187,111,1,,,,,,
macro_veil_relative_strength,188,111,1,,,,,,
macro_veil_overall_lifespan_developments,189,111,1,,,,,,
macro_common_or_rare,190,111,1,,,,,,
macro_how_fleshy_freshly_harvested,191,111,1,,,,,,
macro_water_spots_present,192,111,1,,,https://mushroomobserver.org/glossary_terms/2303?q=1nI5O,,,
low_magnification_colors_present,193,111,2,,,,,,
low_magnification_setae_present,194,111,2,,,,,,
low_magnification_automate_micaceous_structures,195,111,2,,,,,,
macrochemical_color_reaction_nh4oh,196,111,3,,,,,,
macrochemical_color_reaction_koh,197,111,3,,,,,,
macrochemical_color_reaction_feso4,198,111,3,,,,,,
macrochemical_color_reaction_pdab,199,111,3,,,,,,
macrochemical_color_reaction_phenol,200,111,3,,,,,,
macrochemical_color_reaction_schaeffer,201,111,3,,,,,,
macrochemical_color_reaction_guiac,202,111,3,,,,,,
 macrochemical_color_reaction_weiland_meixner,203,111,3,,,,,,
 macrochemical_color_reaction_sulfovanillin,204,111,3,,,,,,
macro_aroma,204a,111,1,Lookup Table,"almond-like, bakery-like, like dark cacao chocolate, apricot-like, like frozen orange juice, “normal/common,” cucumber-like, anise-like, garlic-like, coal-tar-like, radish-like, cedar-like, bleach-like, spermatic, shrimp-like, maraschino-cherry-like, acrid, other",,,,
macro_taste,204b,111,1,Lookup Table,,,,,
micro_pileus_trama_pattern,205,111,4,,,,,,
micro_pileus_pileipellis_pattern,206,111,4,Lookup Table,"Cutis, Dry Cutis, Ixocutis, Pluristratous Hymeniderm, Hymeniform, Trichoderm, other",,,,
micro_pilei_cystidia_present,207,111,4,,,,,,
micro_pelei_cystidia_size,208,111,4,,,,,,
micro_pelei_cystidia_form,209,111,4,,,,,,
micro_pileipellis_end_hyphae_present,210,111,4,,,,,,
micro_pileocystidia_present,211,111,4,,,,,,
micro_setae_present,212,111,4,,,,,,
micro_circumcystidia_present,213,111,4,,,,,,
micro_pileipellis_end_hyphae_measurement,214,111,4,,,,,,
micro_pileocystidia_measurement,215,111,4,,,,,,
micro_setae_measurement,216,111,4,,,,,,
micro_circumcystidia_measurement,217,111,4,,,,,,
micro_circumcystidia_form,218,111,4,,,,,,
micro_circumcystidia_form,219,111,4,,,,,,
micro_circumcystidia_form,220,111,4,,,,,,
micro_circumcystidia_form,221,111,4,,,,,,
micro_clamp_connection_present,222,111,4,,,,,,
micro_pileipellis_exhibits_encrusted_pigments,223,111,4,,,,,,
micro_broom_cells_observed_in_pileipellis,224,111,4,,,,,,
micro_apical_projections_observed_in_pileipellis,225,111,4,,,,,,
micro_velipellis_present,226,111,4,,,,,,
micro_lamellae_spore_width_max_nm,227,111,4,,,,,,
micro_lamellae_spore_height_nm,228,111,4,,,,,,
micro_lamellae_spore_width_max_nm,229,111,4,,,,,,
micro_lamellae_spore_width_min_nm,230,111,4,,,,,,
micro_lamellae_spore_height_max_nm,231,111,4,,,,,,
micro_lamellae_spore_height_min_nm,232,111,4,,,,,,
micro_lamellae_spore_shape,233,111,4,,,,,,
micro_lamellae_spore_wall_thickness_nm,234,111,4,,,,,,
micro_lamellae_spore_color,235,111,4,,,,,,
micro_lamellae_spore_ornamentation,236,111,4,,,,,,
micro_lamellae_spore_germ_pore_present,237,111,4,,,,,,
micro_lamellae_spore_symmetry,238,111,4,,,,,,
micro_lamellae_spore_attachment,239,111,4,,,,,,
micro_lamellae_spore_membrane_perispore_present,240,111,4,,,,,,
micro_lamellae_spore_pigmentation_test,241,111,4,,,,,,
micro_lamellae_spore_inner_contents,242,111,4,,,,,,
micro_lamellae_cheilocystidia_present,243,111,4,,,,,,
micro_lamellae_cheilocystidia_width,244,111,4,,,,,,
micro_lamellae_cheilocystidia_height,245,111,4,,,,,,
micro_lamellae_cheilocystidia_shape,246,111,4,,,,,,
micro_lamellae_cheilocystidia_color,247,111,4,,,,,,
micro_lamellae_cheilocystidia_ornamentation,248,111,4,,,,,,
micro_lamellae_cheilocystidia_crystals_present,249,111,4,,,,,,
micro_lamellae_cheilocystidia_encrustation,250,111,4,,,,,,
micro_lamellae_cheilocystidia_wall_thickness,251,111,4,,,,,,
micro_lamellae_cheilocystidia_individual_variation,252,111,4,,,,,,
micro_lamellae_cheilocystidia_contents,253,111,4,,,,,,
micro_lamellae_pleurocystidia_present,254,111,4,,,,,,
micro_lamellae_pleurocystidia_width,255,111,4,,,,,,
micro_lamellae_pleurocystidia_height,256,111,4,,,,,,
micro_lamellae_pleurocystidia_shape,257,111,4,,,,,,
micro_lamellae_pleurocystidia_color,258,111,4,,,,,,
micro_lamellae_pleurocystidia_ornamentation,259,111,4,,,,,,
micro_lamellae_pleurocystidia_crystals_present,260,111,4,,,,,,
micro_lamellae_pleurocystidia_encrustation,261,111,4,,,,,,
micro_lamellae_pleurocystidia_wall_thickness,262,111,4,,,,,,
micro_lamellae_pleurocystidia_individual_variation,263,111,4,,,,,,
micro_lamellae_pleurocystidia_contents,264,111,4,,,,,,
micro_lamellae_other_types_cystidia_present,265,111,4,,,,,,
micro_lamellae_other_types_cystidia_form,266,111,4,,,,,,
micro_lamellae_other_types_cystidia_width,267,111,4,,,,,,
micro_lamellae_other_types_cystidia_height,268,111,4,,,,,,
micro_lamellae_other_types_cystidia_capitula_width,269,111,4,,,,,,
micro_lamellae_basidia_width,270,111,4,,,,,,
micro_lamellae_basidia_height,271,111,4,,,,,,
micro_lamellae_basidia_appearance_variation,272,111,4,,,,,,
micro_lamellae_basidia_sterigmata_amount,273,111,4,,,,,,
micro_lamellae_lamellae_trama_pattern,274,111,4,Lookup Table,"Parallel, Subregular, Interwoven, Divergent [Bilateral], Divergent (Bilateral) & Multi-Sized, Convergent, Subcellular, etc.",,,,
micro_lamellae_subhymenium_pattern_type,275,111,4,,,,,,
micro_lamellae_droplets_quttules_within_spore_present,276,111,4,,,,,,
micro_lamellae_droplets_quttules_within_spore_quantity,277,111,4,,,,,,
micro_lamellae_paracystidia_present,278,111,4,,,,,,
micro_lamellae_carminophilous_basidia_present,279,111,4,,,,,,
micro_lamellae_metachromatic_color_reaction_to_spore_wall_present,280,111,4,,,,,,
micro_lamellae_coscinocystidia_present,281,111,4,,,,,,
micro_lamellae_macrocystidia_present,282,111,4,,,,,,
micro_stipe_trama,283,111,4,,,,,,
micro_stipe_stipitipellis_form,284,111,4,,,,,,
micro_stipe_cystidia_present,285,111,4,,,,,,
micro_stipe_cystidia_width,286,111,4,,,,,,
micro_stipe_cystidia_height,287,111,4,,,,,,
micro_stipe_form,288,111,4,,,,,,
micro_stipe_palisade_present,289,111,4,,,,,,
micro_stipe_more_characters_pileus_cystidia_present,290,111,4,,,,,,
micro_stipe_more_characters_pileus_cystidia_form,291,111,4,,,,,,
micro_stipe_more_characters_pileus_cystidia_width,292,111,4,,,,,,
micro_stipe_more_characters_pileus_cystidia_height,293,111,4,,,,,,
micro_stipe_more_characters_caulocystidia_present,294,111,4,,,,,,
micro_stipe_more_characters_caulocystidia_form,295,111,4,,,,,,
micro_stipe_more_characters_caulocystidia_width,296,111,4,,,,,,
micro_stipe_more_characters_caulocystidia_height,297,111,4,,,,,,
micro_stipe_more_characters_chrysocystidia_present,298,111,4,,,,,,
micro_stipe_more_characters_chrysocystidia_form,299,111,4,,,,,,
micro_stipe_more_characters_chrysocystidia_width,300,111,4,,,,,,
micro_stipe_more_characters_chrysocystidia_height,301,111,4,,,,,,
micro_stipe_more_characters_mycelia_cystidia_present,302,111,4,,,,,,
micro_stipe_more_characters_mycelia_cystidia_form,303,111,4,,,,,,
micro_stipe_more_characters_mycelia_cystidia_width,304,111,4,,,,,,
micro_stipe_more_characters_mycelia_cystidia_height,305,111,4,,,,,,
micro_stipe_more_characters_brachycystidia_present,306,111,4,,,,,,
micro_stipe_more_characters_brachycystidia_form,307,111,4,,,,,,
micro_stipe_more_characters_brachycystidia_width,308,111,4,,,,,,
micro_stipe_more_characters_brachycystidia_height,309,111,4,,,,,,
micro_stipe_more_characters_lamprocystidia_present,310,111,4,,,,,,
micro_stipe_more_characters_lamprocystidia_form,311,111,4,,,,,,
micro_stipe_more_characters_lamprocystidia_width,312,111,4,,,,,,
micro_stipe_more_characters_lamprocystidia_height,313,111,4,,,,,,
micro_stipe_more_characters_mycelial_conidia,314,111,4,,,,,,
micro_stipe_more_characters_sclerotia_layers,315,111,4,,,,,,
micro_stipe_more_characters_sclerotia_hyphae_appearance,316,111,4,,,,,,
micro_stipe_more_characters_cell_chemical_reaction_test_koh,317,111,4,,,,,,
micro_stipe_more_characters_cell_chemical_reaction_test_lugols,318,111,4,,,,,,
micro_stipe_more_characters_cell_chemical_reaction_test_sulfuric_acid,319,111,4,,,,,,
micro_stipe_more_characters_melzers,320,111,4,,,,,,
micro_stipe_more_characters_clamp_connection_present,321,111,4,,,,,,
micro_stipe_more_characters_setae_present,322,111,4,,,,,,
micro_stipe_more_characters_acanthocytesPresent,323,111,4,,,,,,
micro_stipe_more_characters_basal_mycelium_crystals_present,324,111,4,,,,,,
micro_stipe_more_characters_spores_exhibit_calyptration,325,111,4,,,,,,
micro_stipe_more_characters_spores_exterior_exhibits_covering,326,111,4,,,,,,
micro_stipe_more_characters_refractive_content_present,327,111,4,,,,,,
micro_chemical_tests_sulfovanillin,328,111,4,,,,,,
micro_chemical_tests_melzers,329,111,4,,,,,,
chemosystematics_psilocybin_present,330,111,5,,,,,,
chemosystematics_psilocybin_quantity,331,111,5,,,,,,
chemosystematics_psilocin_present,332,111,5,,,,,,
chemosystematics_psilocin_quantity,333,111,5,,,,,,
chemosystematics_cyanescin_present,334,111,5,,,,,,
chemosystematics_cyanescin_quantity,335,111,5,,,,,,
chemosystematics_nor_cyanescin_present,336,111,5,,,,,,
chemosystematics_nor_cyanescin_quantity,337,111,5,,,,,,
chemosystematics_aeruginascin_present,338,111,5,,,,,,
chemosystematics_aeruginascin_quantity,339,111,5,,,,,,
chemosystematics_1_methylpsilocin_present,340,111,5,,,,,,
chemosystematics_1_methylpsilocin_quantity,341,111,5,,,,,,
chemosystematics_4_chloroindole_3_acetic_acid_4_CI_IAA_present,342,111,5,,,,,,
chemosystematics_4_chloroindole_3_acetic_acid_4_CI_IAA_quantity,343,111,5,,,,,,
chemosystematics_4_hydroxytryptophan_present,344,111,5,,,,,,
chemosystematics_4_hydroxytryptophan_quantity,345,111,5,,,,,,
chemosystematics_4_hydroxytryptamine_present,346,111,5,,,,,,
chemosystematics_4_hydroxytryptamine_quantity,347,111,5,,,,,,
chemosystematics_4_hydroxy_l_tryptophan_present,348,111,5,,,,,,
chemosystematics_4_hydroxy_l_tryptophan_quantity,349,111,5,,,,,,
chemosystematics_4_hydroxyindole_present,350,111,5,,,,,,
chemosystematics_4_hydroxyindole_quantity,351,111,5,,,,,,
chemosystematics_4_ho_met_present,352,111,5,,,,,,
chemosystematics_4_ho_met_quantity,353,111,5,,,,,,
chemosystematics_4_ho_mipt_present,354,111,5,,,,,,
chemosystematics_4_ho_mipt_quantity,355,111,5,,,,,,
chemosystematics_5_hydroxyindoleacetic_acid_present,356,111,5,,,,,,
chemosystematics_5_hydroxyindoleacetic_acid_quantity,357,111,5,,,,,,
chemosystematics_5_hydroxytryptamine_present,358,111,5,,,,,,
chemosystematics_5_hydroxytryptamine_quantity,359,111,5,,,,,,
chemosystematics_5_hydroxytryptophan_present,360,111,5,,,,,,
chemosystematics_5_hydroxytryptophan_quantity,361,111,5,,,,,,
chemosystematics_5_6_dihydroxyindole_dhi_present,362,111,5,,,,,,
chemosystematics_5_6_dihydroxyindole_dhi_quantity,363,111,5,,,,,,
chemosystematics_7_acetyl_4_methy_lazulene_1_carbalehyde_present,364,111,5,,,,,,
chemosystematics_7_acetyl_4_methy_lazulene_1_carbaldehyde_quantity,365,111,5,,,,,,
chemosystematics_7_isopropenyl_4_methyl_azulene_1_carboxyli_acid_present,366,111,5,,,,,,
chemosystematics_7_isopropenyl_4_methyl_azulene_1_carboxylic_acid_quantity,367,111,5,,,,,,
chemosystematics_methyl_stearate_present,368,111,5,,,,,,
chemosystematics_methyl_stearate_quantity,369,111,5,,,,,,
chemosystematics_15_hydroxy_3_6_dihydrolactarazulene_present,370,111,5,,,,,,
chemosystematics_15_hydroxy_3_6_dihydrolactarazulene_quantity,371,111,5,,,,,,
chemosystematics_15_hydroxy_6_7_dihydrolactarazulene_present,372,111,5,,,,,,
chemosystematics_15_hydroxy_6_7_dihydrolactarazulene_quantity,373,111,5,,,,,,
chemosystematics_amatoxins_present,374,111,5,,,,,,
chemosystematics_amatoxins_quantity,375,111,5,,,,,,
chemosystematics_amanitins_present,376,111,5,,,,,,
chemosystematics_amanitins_quantity,377,111,5,,,,,,
chemosystematics_azulene_present,378,111,5,,,,,,
chemosystematics_azulene_quantity,379,111,5,,,,,,
chemosystematics_b-carbolines_present,380,111,5,,,,,,
chemosystematics_b-carbolines_quantity,381,111,5,,,,,,
chemosystematics_baeocystin_1_present,382,111,5,,,,,,
chemosystematics_baeocystin_1_quantity,383,111,5,,,,,,
chemosystematics_bis_trimethyl_silyl_psilocybin_present,384,111,5,,,,,,
chemosystematics_bis_trimethyl_silyl_psilocybin_quantity,385,111,5,,,,,,
chemosystematics_bis_trimethyl_silyl_psilocin_present,386,111,5,,,,,,
chemosystematics_bis_trimethyl_silyl_psilocin_quantity,387,111,5,,,,,,
chemosystematics_bufotenin_present,388,111,5,,,,,,
chemosystematics_bufotenin_quantity,389,111,5,,,,,,
chemosystematics_bufotenidine_present,390,111,5,,,,,,
chemosystematics_bufotenidine_quantity,391,111,5,,,,,,
chemosystematics_cathinone_present,392,111,5,,,,,,
chemosystematics_cathinone_quantity,393,111,5,,,,,,
chemosystematics_chamazulene_present,394,111,5,,,,,,
chemosystematics_chamazulene_quantity,395,111,5,,,,,,
chemosystematics_d_lysergic_acid_present,396,111,5,,,,,,
chemosystematics_d-lysergic_acid_quantity,397,111,5,,,,,,
chemosystematics_dopa_present,398,111,5,,,,,,
chemosystematics_dopa_quantity,399,111,5,,,,,,
chemosystematics_dopamine_present,400,111,5,,,,,,
chemosystematics_dopamine_quantity,401,111,5,,,,,,
chemosystematics_dopaminechrome_present,402,111,5,,,,,,
chemosystematics_dopaminechrome_quantity,403,111,5,,,,,,
chemosystematics_dopamine_quinone_present,404,111,5,,,,,,
chemosystematics_dopamine_quinone_quantity,405,111,5,,,,,,
chemosystematics_guaiazulene_present,406,111,5,,,,,,
chemosystematics_guaiazulene_quantity,407,111,5,,,,,,
chemosystematics_gyrocyanin_present,408,111,5,,,,,,
chemosystematics_gyrocyanin_quantity,409,111,5,,,,,,
chemosystematics_harmane_present,410,111,5,,,,,,
chemosystematics_harmane_quantity,411,111,5,,,,,,
chemosystematics_harmine_present,412,111,5,,,,,,
chemosystematics_harmine_quantity,413,111,5,,,,,,
chemosystematics_harmol_present,414,111,5,,,,,,
chemosystematics_harmol_quantity,415,111,5,,,,,,
chemosystematics_hispidin_present,416,111,5,,,,,,
chemosystematics_hispidin_quantity,417,111,5,,,,,,
chemosystematics_indigoidine_present,418,111,5,,,,,,
chemosystematics_indigoidine_quantity,419,111,5,,,,,,
chemosystematics_indole_present,420,111,5,,,,,,
chemosystematics_indole_quantity,421,111,5,,,,,,
chemosystematics_indole_3_acetic_acid_present,422,111,5,,,,,,
chemosystematics_indole_3_acetic_acid_quantity,423,111,5,,,,,,
chemosystematics_indole_3_butyric_acid_present,424,111,5,,,,,,
chemosystematics_indole_3_butyric_acid_quantity,425,111,5,,,,,,
chemosystematics_indolyl_present,426,111,5,,,,,,
chemosystematics_indolyl_quantity,427,111,5,,,,,,
chemosystematics_isatin_present,428,111,5,,,,,,
chemosystematics_isatin_quantity,429,111,5,,,,,,
chemosystematics_leucochrome_present,430,111,5,,,,,,
chemosystematics_leucochrome_quantity,431,111,5,,,,,,
chemosystematics_luciferin_present,432,111,5,,,,,,
chemosystematics_luciferin_quantity,433,111,5,,,,,,
chemosystematics_luciferase_present,434,111,5,,,,,,
chemosystematics_luciferase_quantity,435,111,5,,,,,,
chemosystematics_matricin_present,436,111,5,,,,,,
chemosystematics_matricin_quantity,437,111,5,,,,,,
chemosystematics_melatonin_present,438,111,5,,,,,,
chemosystematics_melatonin_quantity,439,111,5,,,,,,
chemosystematics_monoamine_oxidase_inhibitors_present,440,111,5,,,,,,
chemosystematics_monoamine_oxidase_inhibitors_quantity,441,111,5,,,,,,
chemosystematics_muscarine_present,442,111,5,,,,,,
chemosystematics_muscarine_quantity,443,111,5,,,,,,
chemosystematics_n_methyltryptamine_present,444,111,5,,,,,,
chemosystematics_n_methyltryptamine_quantity,445,111,5,,,,,,
chemosystematics_n_n_dimethyltryptamine_present,446,111,5,,,,,,
chemosystematics_n_n_dimethyltryptamine_quantity,447,111,5,,,,,,
chemosystematics_n_acetylserotonin _nas_normelatonin_present,448,111,5,,,,,,
chemosystematics_n_acetylserotonin _nas_normelatonin_quantity,449,111,5,,,,,,
chemosystematics_nitric_oxide_present,450,111,5,,,,,,
chemosystematics_nitric_oxide_quantity,451,111,5,,,,,,
chemosystematics_norepinephrine_present,452,111,5,,,,,,
chemosystematics_norepinephrine_quantity,453,111,5,,,,,,
chemosystematics_norharmine_present,454,111,5,,,,,,
chemosystematics_norharmine_quantity,455,111,5,,,,,,
chemosystematics_norpsilocin_present,456,111,5,,,,,,
chemosystematics_norpsilocin_quantity,457,111,5,,,,,,
chemosystematics_oxindole_2_Indolone_present,458,111,5,,,,,,
chemosystematics_oxindole_2_Indolone_quantity,459,111,5,,,,,,
chemosystematics_oxytocin_present,460,111,5,,,,,,
chemosystematics_oxytocin_quantity,461,111,5,,,,,,
chemosystematics_phallotoxins_and_phalloidins_present,462,111,5,,,,,,
chemosystematics_phallotoxins_and_phalloidins_quantity,463,111,5,,,,,,
chemosystematics_phenylethylamine_present,464,111,5,,,,,,
chemosystematics_phenylethylamine_quantity,465,111,5,,,,,,
chemosystematics_prolactin_present,466,111,5,,,,,,
chemosystematics_prolactin_quantity,467,111,5,,,,,,
chemosystematics_psilacetin_o_acetylpsilocin_4_aco_dmt_present,468,111,5,,,,,,
chemosystematics_psilacetin (o_acetylpsilocin_4_aco_dmt_quantity,469,111,5,,,,,,
chemosystematics_psilocybin_1_present,470,111,5,,,,,,
chemosystematics_psilocybin_1_quantity,471,111,5,,,,,,
chemosystematics_pulvinic_acids_present,472,111,5,,,,,,
chemosystematics_pulvinic_acids_quantity,473,111,5,,,,,,
chemosystematics_quinone_methide_present,474,111,5,,,,,,
chemosystematics_quinone_methide_quantity,475,111,5,,,,,,
chemosystematics_sanguinone_a_present,476,111,5,,,,,,
chemosystematics_sanguinone_a_quantity,477,111,5,,,,,,
chemosystematics_sanguinone_b_present,478,111,5,,,,,,
chemosystematics_sanguinone_b_quantity,479,111,5,,,,,,
chemosystematics_seratoni_5_ht_present,480,111,5,,,,,,
chemosystematics_seratoni_5_ht_quantity,481,111,5,,,,,,
chemosystematics_tryptamine_present,482,111,5,,,,,,
chemosystematics_tryptamine_quantity,483,111,5,,,,,,
chemosystematics_tryptophan_variegatic_acid present,484,111,5,,,,,,
chemosystematics_tryptophan_variegatic_acid_quantity,485,111,5,,,,,,
chemosystematics_vasopressin_present,486,111,5,,,,,,
chemosystematics_vasopressin_quantity,487,111,5,,,,,,
chemosystematics_known_novel_maois_monoamine_oxidase_inhibitors_present,488,111,5,,,,,,
chemosystematics_muscarine_present,489,111,5,,,,,,
chemosystematics_muscimol_present,490,111,5,,,,,,
chemosystematics_ibotenic_acid_present,491,111,5,,,,,,
chemosystematics_antamanide_present,492,111,5,,,,,,
chemosystematics_novel_amatoxins_present,493,111,5,,,,,,
chemosystematics_phallotoxins_present,494,111,5,,,,,,
chemosystematics_phallolysin_present,495,111,5,,,,,,
chemosystematics_virotoxins_present,496,111,5,,,,,,
chemosystematics_alpha_amanitin_present,497,111,5,,,,,,
chemosystematics_beta_amanitin_present,498,111,5,,,,,,
chemosystematics_gamma_amanitin_present,499,111,5,,,,,,
chemosystematics_epilson_amanitin_present,500,111,5,,,,,,
chemosystematics_delta_amanitin_present,501,111,5,,,,,,
chemosystematics_amanullin_present,502,111,5,,,,,,
chemosystematics_amanullinic_acid_present,503,111,5,,,,,,
chemosystematics_amaninamide_present,504,111,5,,,,,,
chemosystematics_amanin_present,505,111,5,,,,,,
chemosystematics_proamanullin_present,506,111,5,,,,,,
chemosystematics_anti_bacterial_chemical_present,507,111,5,,,,,,
chemosystematics_anti_fungal_chemical_present,508,111,5,,,,,,
chemosystematics_anti_cancer_chemical_present,509,111,5,,,,,,
chemosystematics_anti_mosquito_chemical_present,510,111,5,,,,,,
chemosystematics_anti_nematode_chemical_present,511,111,5,,,,,,
chemosystematics_anti_tick_chemical_present,512,111,5,,,,,,
chemosystematics_anti_protozoal_chemical_present,513,111,5,,,,,,
chemosystematics_anti_viral_chemical_present,514,111,5,,,,,,
chemosystematics_dna_sequence_relevant_production,515,111,5,,,,,,
chemosystematics_separate_test_caps,516,111,5,,,,,,
chemosystematics_separate_test_stems,517,111,5,,,,,,
chemosystematics_separate_test_lamellae_tissue,518,111,5,,,,,,
chemosystematics_separate_test_mycelium,519,111,5,,,,,,
mating_compatibility_agar,520,111,6,,,,,,
mating_compatibility_mating_type_locus_sequence,521,111,6,,,,,,
mating_compatibility_mating_types_quantity,522,111,6,,,,,,
mating_compatibility_mycelium_growth_pattern_description,523,111,6,,,,,,
mating_compatibility_mycorrhizal_relationship,524,111,6,,,,,,
mating_compatibility_predictive_dna_sequences,525,111,6,,,,,,
mycelium_thin_or_thick_walled_hypha_present,526,111,7,,,,,,
mycelium_mycelial_cystidia_present,527,111,7,,,,,,
mycelium_aerial_hyphae_present,528,111,7,,,,,,
mycelium_vegetative_hypha_present,529,111,7,,,,,,
mycelium_advancing_zone_present,530,111,7,,,,,,
mycelium_conidia_present,531,111,7,,,,,,
mycelium_chlamydospores_present,532,111,7,,,,,,
mycelium_arthrospores_present,533,111,7,,,,,,
mycelium_clamp_connections_present,534,111,7,,,,,,
mycelium_anastomoses_present,535,111,7,,,,,,
mycelium_shape_form,536,111,7,,,,,,
mycelium_size,537,111,7,,,,,,
mycelium_elevation_side_view,538,111,7,,,,,,
mycelium_margin_border,539,111,7,,,,,,
mycelium_surface,540,111,7,,,,,,
mycelium_opacity,541,111,7,,,,,,
mycelium_colors,542,111,7,,,,,,
mycelium_observable_transformations_phases,543,111,7,,,,,,
mycelium_reaction_to_sectioning_damage,544,111,7,,,,,,
mycelium_cold_shocking_response,545,111,7,,,,,,
mycelium_hypha_exhibit_gravitropism,546,111,7,,,,,,
mycelium_hypha_exhibit_thigmotropism,547,111,7,,,,,,
mycelium_hypha_exhibit_phototropism,548,111,7,,,,,,
mycelium_hypha_exhibit_aerotropism,549,111,7,,,,,,
mycelium_hypha_exhibit_galvanotropism,550,111,7,,,,,,
mycelium_hyphal_coils_present,551,111,7,,,,,,
mycelium_electromagnetic_light_test,552,111,7,,,,,,
mycelium_zonate_mycelium,553,111,7,,,,,,
dna_complete_its_region_sequence,554,111,8,,,,,,
dna_entire_genome_sequence,555,111,8,,,,,,
dna_exome_sequencing,556,111,8,,,,,,
dna_additional_regions,557,111,8,,,,,,
dna_genome_sequence_sub_surface_mycelium,558,111,8,,,,,,
dna_substrata_sequences,559,111,8,,,,,,
dna_all_sequences,560,111,8,,,,,,