Created Variable Name  original position relates to https://mushroomobserver.org/species_lists/1417?q=1mg6c,Original position,Type,Part,Display_option,Comments,Data ,Reference,,,
pileus_shape_form,1,1,3,9,Lookup table,"Convex, Hemispherical, Spherical, Ovoid, Conical, Cylindric, Flat, Depressed, Funnel-Shaped, Companulate, Cuspidate, Umbonate, Papillate, Umbilicate, Uplifted, Parabolic, Pulvinate, Plane, Infundibuliform, Other",,,,
pileus_height_mm,2,1,3,2,,,,,,
pileus_width_mm,3,1,3,2,,,,,,
pileus_tissue_thickness_mm,4,1,3,2,,,,,,
pileus_color_spectrum,5,1,3,6,,,,,,
pilei_surface_wetness,6,1,3,9,Lookup table,"Dry, Moist, Glutinous, Gelatinous, Viscid, Subviscid, Other",,,,
pileus_hygrophanous_or_non,7,1,3,5,,,,,,
pileus_striate_or_not,8,1,3,5,,,,,,
pileus_center,9,1,3,9,Lookup table,"Indented, Nearly perforated, Perforated",,,,
pileus_central_disc_colored,10,1,3,9,Lookup table,"darker, lighter",,,,
pileus_pellicle_gelatinous_separable,11,1,3,5,,,,,,
pilei_surface_shininess_or_non,12,1,3,5,,,,,,
pileus_surface_texture,13,1,3,13,Lookup table,"Glabrous smooth, non-glabrous Downy-Wooly, non-glabrous Matted-Fibrillose, non-glabrous Furfuraceous, non-glabrous Granulose, non-glabrous Pruinose, non-glabrous Squamose, non-glabrous Squamulose, non-glabrous Scaly, non-glabrous Hairy, Shaggy, Bristled/Bristly, Strigose, Warted, Appressed, Appressed-Fibrillose, Tomentose, Virgate, Scrobiculate, Alveolate, Lacunose, Lacinate, Areolate, Atomate, Micaceous, Superficial, Innate, Venose, non-glabrous Other",,,,
pileus_margin_form,14,1,3,9,Lookup table,,https://mushroomobserver.org/species_list/show_species_list/1770?q=1l6a2,,,
pileus_margin_smooth_cleft_in_turn,15,1,3,5,,,,,,
pileus_veil_flocks_adhere_pileus_margin,16,1,3,5,,,,,,
pilei_striations_length_mm,17,1,3,2,,,,,,
pilei_striations_width_mm,18,1,3,2,,,,,,
pilei_striations_depth_mm,19,1,3,2,,,,,,
pilei_striations_frequency,20,1,3,5,,,,,,
pilei_striations_countenance,21,1,3,5,,,,,,
pileus_cuticle_removes_easily,22,1,3,5,,,,,,
pileus_radial_furrows_present,23,1,3,5,,,,,,
pileus_stem_clean_separation,24,1,3,5,,,,,,
pileus_spore_deposits_resting_on_pileus_surface_color,25,1,3,6,,,,,,
pileus_response_knife_streak,26,1,3,5,,,,,,
pilei_zonate_pattern,27,1,3,5,,,,,,
pileus_rolled_up_presence_reveals_gills_curled_up,28,1,3,5,,,,,,
gill_color,29,1,4,6,,,,,,
gill_color_change_sterile_to_young,30,1,4,6,,,,,,
gill_color_change_to_mature_lamellae,31,1,4,6,,,,,,
gill_distance_spacing,32,1,4,2,Lookup table,"Close, Crowded, Distant, Sub-Distant, other",,,,
gill_thickness,33,1,4,2,Lookup table,"Average, Thick, Tapering, other",,,,
gill_blade_breadth,34,1,4,2,Lookup table,"Narrow, Broad, Ventricose, etc.",,,,
gill_edges_exhibit_gelatinous_thread ,35,1,4,5,,"Gill edges exhibit (or do not exhibit) a gelatinous, pallid, and thickish thread – removable with a needle or forceps – appearing as an elastic-like strip.",,,,
gill_attachment,36,1,4,9,Lookup table,"Adnate, Adnexed, Sinuate, Decurrent, Collared, other",,,,
gill_spore_print_colors,37,1,4,6,,,,,,
gill_spore_print_deposit_heaviness,38,1,4,5,,,,,,
gill_permanently_sterile,39,1,4,5,,,,,,
gill_nearly_sterile,40,1,4,5,,,,,,
gill_anastomosing_present,41,1,4,5,,,,,,
gill_false_present,42,1,4,5,,,,,,
gill_lamellula_present,43,1,4,5,,,,,,
gill_position_above_view,44,1,4,5,,,,,,
gill_forking_branching,45,1,4,5,,,,,,
gill_mottled_present,46,1,4,5,,,,,,
gill_margin_nuanced_color_due_cheilocystidia,47,1,4,6,,,,,,
gill_margins_nuanced_texture_appearance,48,1,4,9,Lookup table,"Serrated, Eroded, Sinuate, Wrinkled, other",https://mushroomobserver.org/species_list/show_species_list/2051?q=1mJjU,,,
gill_wavy,49,1,4,5,,,,,,
gill_knife_cut_response,50,1,4,5,,,,,,
gill_veil_fragments_adhere,51,1,4,5,,,,,,
gill_lamellar_edge_partially_completely_pigmented_edges_not_cystidia_appearance_result,52,1,4,5,,,,,,
stipe_veil_or_cortina_present,53,1,5,5,,,,,,
stipe_annulus_or_annular_zone_present,54,1,5,5,,,,,,
stipe_annulus_scar_from_once_present_annulus,55,1,5,5,,,,,,
stipe_annulus_easily_removed_or_falls_off_stem,56,1,5,5,,,,,,
stipe_annulus_ridge_present,57,1,5,5,,,,,,
stipe_length_mm,58,1,5,2,,,,,,
stipe_width_mm,59,1,5,2,,,,,,
stipe_bulbous_base_diameter_mm,60,1,5,2,,,,,,
stipe_bulbous_base_height_mm,61,1,5,2,,,,,,
stipe_colors,62,1,5,6,,,,,,
stipe_surface_texture,63,1,5,13,Lookup table,"Smooth, Banded, Peronate, Fibrose, Lacunose, Longtidunally Striate, Ribbed [Costate], Scabrous, Pruinose [Powdery], Speckled, Punctate, Glandular-Dotted, Reticulate, Other",,,,
stipe_apex_has_striations,64,1,5,5,,,,,,
stipe_color_spectrum,65,1,5,6,,,,,,
stipe_interior,66,1,5,9,Lookup table,"centrally solid, stuffed (w/hyphae), hollow, fistulose, broadly fistulose, partially stuffed/partially hollow, chambered",,,,
stipe_vertical_fold_present,67,1,5,5,,,https://mushroomobserver.org/glossary_terms/1856 and https://mushroomobserver.org/species_list/show_species_list/2012?q=1lHmX,,,
stipe_rhizomorphs_present_at_base,68,1,5,5,,,,,,
stipe_mycelium_present_at_base,69,1,5,5,,,,,,
stipe_pseudorhiza_present,70,1,5,5,,,,,,
stipe_base_shape,71,1,5,5,,,,,,
stipe_base_color,72,1,5,6,,,,,,
stipe_base_width_mm,73,1,5,2,,,,,,
stipe_base_height_mm,74,1,5,2,,,,,,
stipe_base_attachment,75,1,5,5,,,,,,
stipe_basal_disc_present,76,1,5,5,,,,,,
stipe_radicating_or_non,77,1,5,5,,,,,,
stipe_basal_mycelium_form,78,1,5,5,,,,,,
stipe_basal_mycelium_color,79,1,5,6,,,,,,
stipe_basal_mycelium_width_mm,80,1,5,2,,,,,,
stipe_basal_mycelium_length_mm,81,1,5,2,,,,,,
stipe_basal_mycelium_density,82,1,5,5,,,,,,
stipe_basal_mycelium_substrate_attachment,83,1,5,5,,,,,,
stipe_basal_mycelium_cell_amiloidity,84,1,5,5,,,,,,
substrata_items_still_attached_to_basiodcarp_base_upon_harvesting,85,1,5,5,,,,,,
stipe_pattern_appearance_consistency,86,1,5,5,,,,,,
stipe_form,87,1,5,9,Lookup table,"flexuose, straight, extremely flexuouse, somewhat flexuouse, consistently straight, other",,,,
stipe_base_nuance_contrast,88,1,5,5,,,,,,
stipe_base_striations,89,1,5,5,,,,,,
stipe_base_striation_length_mm,90,1,5,2,,,,,,
stipe_base_striation_width_mm,91,1,5,2,,,,,,
stipe_base_striation_depth_mm,92,1,5,2,,,,,,
stipe_base_striation_frequency,93,1,5,5,,,,,,
stipe_strict_or_relaxed_longitudinal_lines,94,1,5,5,,,,,,
stipe_line_patterns,95,1,5,5,,,https://mushroomobserver.org/glossary_terms/1073,,,
stipe_volva_present_observable_attributes,96,1,5,5,,,,,,
stipe_volva_height_mm,97,1,5,2,,,,,,
stipe_volva_present  ,98,1,5,2,,,,,,
stipe_volva_evanescence,99,1,5,2,,,,,,
stipe_volva_persistence,100,1,5,2,,,,,,
stipe_volva_pseudovolva_present,101,1,5,2,,,,,,
stipe_volva_sack_elongated_tubular_present,102,1,5,2,,,https://mushroomobserver.org/460796?q=1mlYQ,,,
stipe_volva_marginate_bulb_present,103,1,5,2,,,,,,
stipe_volva_oxonium_present,104,1,5,2,,,,,,
stipe_surface_tissue_peeling_up_or_down,105,1,5,2,,,https://mushroomobserver.org/species_list/show_species_list/2042,,,
stipe_veil_flocks_adhere_stipe,106,1,5,2,,,,,,
stipe_easily_fractures_when_bent,107,1,5,2,,,,,,
stipe_surface_spore_deposit_color,108,1,5,6,,,,,,
stipe_pothole_like_depression,109,1,5,2,,,,,,
stipe_annulus_persistent,110,1,5,2,,,,,,
stipe_surface_exhibits_cottony_hyphal_appearance,111,1,5,2,,,,,,
stipe_mycelium_growing_up_base_and_up_stem,112,1,5,2,,,https://mushroomobserver.org/487056?q=1mPN1,,,
stipe_tapered_upward_or_downward,113,1,5,2,,,,,,
stipe_internal_necrosis_present,114,1,5,2,,,,,,
stipe_annulus_height_in_relation_to_stipe,115,1,5,2,,,,,,
stipe_knife_cut_response,116,1,5,2,,,,,,
stipe_exhibits_noteworthy_elevated_striations,117,1,5,2,,,,,,
more_macro_fruiting_body_entire_height,118,1,2,2,,,,,,
more_macro_growth_stage_video,119,1,2,5,,,,,,
more_macro_habitat,120,1,11,9,use mrdbid data mr_character_id = 76? Already in lookup_items?,,,,,
more_macro_ecology,121,1,11,5,what is ecology for a mushroom?,,,,,
more_macro_substrate,122,1,11,9,CREATE LOOKUP TABLE,,,,,
more_macro_substrata,123,1,11,9,Lookup Table,"On Soil, Decaying Wood, Humus, Duff, Bryophytes, Dung, Grass, Tree Cones, Tree Needles, Leaves, other",,,,
more_macro_trees_present,124,1,11,9,Lookup Table,,,,,
more_macro_nutrition_mode,125,1,2,9,Lookup Table,"Saprophytic, Parasitic, Endophytic, Ectomycorrhizal, Symbiotic, other",,,,
more_macro_mycorrhizal_relationships,126,1,2,5,,,,,,
more_macro_plant_relationships,127,1,2,9,,,,,,
more_macro_nutrition_mode_change,128,1,2,5,,,,,,
more_macro_locality,129,1,15,5,????,,,,,
more_macro_geographic_distribution,130,1,15,5,,,,,,
more_macro_latitude,131,1,15,5,,,,,,
more_macro_longitude,132,1,15,5,,,,,,
more_macro_fruiting_body_entire_weight,133,1,2,4,,,,,,
more_macro_natural_fruiting_time_of_year,134,1,2,5,,,,,,
more_macro_sclerotia_pseudosclerotia_present,135,1,2,5,,,,,,
more_macro_primordia_form,136,1,2,5,,,,,,
more_macro_primordia_colors,137,1,2,6,,,,,,
more_macro_growth_pattern_general,138,1,2,5,,,,,,
more_macro_field_chemical_reaction_test,139,1,13,5,,,See dedicated section further down,,,
more_macro_aroma,140,1,2,5,,,See dedicated section further down,,,
more_macro_flavor,141,1,2,5,,,See dedicated section further down,,,
more_macro_universal_veil_present,142,1,6,5,,,,,,
more_macro_universal_veil_remants_warts_present,143,1,6,5,,,,,,
more_macro_deliquesence_present,144,1,2,5,,,,,,
more_macro_lactiferous_fluid_present,145,1,2,5,,,,,,
more_macro_transient_morphing_ephemeral_characters_during_growth_stages,146,1,2,5,,,,,,
more_macro_stature_types,147,1,2,5,,,,,,
more_macro_basidiocarps_fragile_normal_tough,148,1,2,9,Lookup Table,"fragile, normal, tough",,,,
more_macro_handling_specimen_color_change,149,1,2,6,Lookup Table,"none, subtle, drastic",,,,
more_macro_photographic_compare_fresh,150,1,2,5,,,,,,
more_macro_photograph_compare_dried_completely_dehydrated,151,1,2,5,,,,,,
more_macro_pileus_compare_color_spectrum_very_moist_rainy,152,1,2,6,,,,,,
more_macro_pileus_compare_color_spectrum_non_rainy,153,1,2,6,,,,,,
more_macro_stipe_compare_color_spectrum_very_moist_rainy,154,1,2,6,,,,,,
more_macro_stipe_compare_color_spectrum_non_rainy,155,1,2,6,,,,,,
more_macro_fluorescent_reaction_ultraviolent_light_present,156,1,2,5,,,,,,
more_macro_bioluminescence,157,1,2,5,,,,,,
more_macro_pilei_exhibit_darkening_burn_like_character,158,1,3,5,,,,,,
more_macro_stipe_exhibit_darkening_burn_like_character,159,1,5,5,,,https://mushroomobserver.org/species_list/show_species_list/2040?q=1lwxJ,,,
more_macro_time_from_primordia_to_decompose,160,1,5,5,,,,,,
more_macro_elevation,161,1,5,4,,,,,,
more_macro_survive_completely_aquatic_environment,162,1,2,5,,,,,,
more_macro_survive_snowpack_melt_mountains,163,1,2,5,,,,,,
more_macro_survive_fire_burn,164,1,2,5,,,,,,
more_macro_fruiting_temperature_low,165,1,2,4,,,,,,
more_macro_fruiting_temperature_high,166,1,2,4,,,,,,
more_macro_fruiting_humidity_low,167,1,2,4,,,,,,
more_macro_fruiting_humidity_high,168,1,2,4,,,,,,
more_macro_grow_light_uv_spectrum_response,169,1,2,5,,,"Also, see the following presentation and skip to 7 minutes in: https://m.youtube.com/watch?v=M9joL8spvS8#fauxfullscreen Note: Not only the first and second flushes of a fruiting species are tested, but importantly, the third and fourth flushes are compared",,,
more_macro_deep_low_sounding_audio_waves_during_growth_response,170,1,2,5,,,,,,
more_macro_albinistic_leucistic_fruit_body_presence,171,1,2,5,,,,,,
more_macro_secotioid_formation_present,172,1,2,5,,,,,,
more_macro_mycelium_strongly_present_above_substrate_surface,173,1,2,5,,,,,,
more_macro_aborts_pins_present,174,1,2,5,,,,,,
more_macro_pileus_guttation_drops_present,175,1,3,5,,,,,,
more_macro_stipe_guttation_drops_present,176,1,5,5,,,,,,
more_macro_gills_guttation_drops_present,177,1,4,5,,,,,,
more_macro_pileus_guttation_drops_color,178,1,3,6,,,,,,
more_macro_stipe_guttation_drops_color,179,1,5,6,,,,,,
more_macro_gills_guttation_drops_color,180,1,4,6,,,,,,
more_macro_pileus_guttation_drops_abundance,181,1,3,5,,,,,,
more_macro_stipe_guttation_drops_abundance,182,1,5,5,,,,,,
more_macro_gills_guttation_drops_abundance,183,1,4,5,,,,,,
more_macro_agaricicolous_growing_on_other_fungus,184,1,2,5,,,,,,
more_macro_polymorphic,185,1,2,5,,,,,,
more_macro_fungal_dysmorphias_present,186,1,2,5,,,https://mushroomobserver.org/species_list/show_species_list/401,,,
more_macro_veil_thickness,187,1,6,2,,,,,,
more_macro_veil_relative_strength,188,1,2,5,,,,,,
more_macro_veil_overall_lifespan_developments,189,1,2,5,,,,,,
more_macro_common_or_rare,190,1,2,5,,,,,,
more_macro_how_fleshy_freshly_harvested,191,1,2,5,,,,,,
more_macro_water_spots_present,192,1,2,5,,,https://mushroomobserver.org/glossary_terms/2303?q=1nI5O,,,
low_magnification_colors_present,193,2,2,6,,,,,,
low_magnification_setae_present,194,2,2,5,,,,,,
low_magnification_automate_micaceous_structures,195,2,2,5,,,,,,
macrochemical_color_reaction_nh4oh,196,3,13,5,,,,,,
macrochemical_color_reaction_koh,197,3,13,5,,,,,,
macrochemical_color_reaction_feso4,198,3,13,5,,,,,,
macrochemical_color_reaction_pdab,199,3,13,5,,,,,,
macrochemical_color_reaction_phenol,200,3,13,5,,,,,,
macrochemical_color_reaction_schaeffer,201,3,13,5,,,,,,
macrochemical_color_reaction_guiac,202,3,13,5,,,,,,
 macrochemical_color_reaction_weiland_meixner,203,3,13,5,,,,,,
 macrochemical_color_reaction_sulfovanillin,204,3,13,5,,,,,,
macroscopic_aroma,204a,1,2,9,Lookup Table,"almond-like, bakery-like, like dark cacao chocolate, apricot-like, like frozen orange juice, “normal/common,” cucumber-like, anise-like, garlic-like, coal-tar-like, radish-like, cedar-like, bleach-like, spermatic, shrimp-like, maraschino-cherry-like, acrid, other",,,,
macroscopic_taste,204b,1,2,9,Lookup Table,,,,,
micro_pileus_trama_pattern,205,4,3,5,,,,,,
micro_pileus_pileipellis_pattern,206,4,3,5,Lookup Table,"Cutis, Dry Cutis, Ixocutis, Pluristratous Hymeniderm, Hymeniform, Trichoderm, other",,,,
micro_pilei_cystidia_present,207,4,3,5,,,,,,
micro_pelei_cystidia_size,208,4,3,5,,,,,,
micro_pelei_cystidia_form,209,4,3,5,,,,,,
micro_pileipellis_end_hyphae_present,210,4,3,5,,,,,,
micro_pileocystidia_present,211,4,3,5,,,,,,
micro_setae_present,212,4,3,5,,,,,,
micro_circumcystidia_present,213,4,3,5,,,,,,
micro_pileipellis_end_hyphae_measurement,214,4,3,3,,,,,,
micro_pileocystidia_measurement,215,4,3,3,,,,,,
micro_setae_measurement,216,4,3,3,,,,,,
micro_circumcystidia_measurement,217,4,3,3,,,,,,
micro_circumcystidia_form,218,4,3,5,,,,,,
micro_circumcystidia_form,219,4,3,5,,,,,,
micro_circumcystidia_form,220,4,3,5,,,,,,
micro_circumcystidia_form,221,4,3,5,,,,,,
micro_clamp_connection_present,222,4,3,5,,,,,,
micro_pileipellis_exhibits_encrusted_pigments,223,4,3,5,,,,,,
micro_broom_cells_observed_in_pileipellis,224,4,3,5,,,,,,
micro_apical_projections_observed_in_pileipellis,225,4,3,5,,,,,,
micro_velipellis_present,226,4,3,5,,,,,,
micro_lamellae_spore_width_max_nm,227,4,3,3,,,,,,
micro_lamellae_spore_height_nm,228,4,4,3,,,,,,
micro_lamellae_spore_width_max_nm,229,4,4,3,,,,,,
micro_lamellae_spore_width_min_nm,230,4,4,3,,,,,,
micro_lamellae_spore_height_max_nm,231,4,4,3,,,,,,
micro_lamellae_spore_height_min_nm,232,4,4,3,,,,,,
micro_lamellae_spore_shape,233,4,4,5,,,,,,
micro_lamellae_spore_wall_thickness_nm,234,4,4,3,,,,,,
micro_lamellae_spore_color,235,4,4,6,,,,,,
micro_lamellae_spore_ornamentation,236,4,4,5,,,,,,
micro_lamellae_spore_germ_pore_present,237,4,4,5,,,,,,
micro_lamellae_spore_symmetry,238,4,4,5,,,,,,
micro_lamellae_spore_attachment,239,4,4,5,,,,,,
micro_lamellae_spore_membrane_perispore_present,240,4,4,5,,,,,,
micro_lamellae_spore_pigmentation_test,241,4,4,5,,,,,,
micro_lamellae_spore_inner_contents,242,4,4,5,,,,,,
micro_lamellae_cheilocystidia_present,243,4,4,5,,,,,,
micro_lamellae_cheilocystidia_width,244,4,4,5,,,,,,
micro_lamellae_cheilocystidia_height,245,4,4,3,,,,,,
micro_lamellae_cheilocystidia_shape,246,4,4,5,,,,,,
micro_lamellae_cheilocystidia_color,247,4,4,6,,,,,,
micro_lamellae_cheilocystidia_ornamentation,248,4,4,5,,,,,,
micro_lamellae_cheilocystidia_crystals_present,249,4,4,5,,,,,,
micro_lamellae_cheilocystidia_encrustation,250,4,4,5,,,,,,
micro_lamellae_cheilocystidia_wall_thickness,251,4,4,3,,,,,,
micro_lamellae_cheilocystidia_individual_variation,252,4,4,5,,,,,,
micro_lamellae_cheilocystidia_contents,253,4,4,5,,,,,,
micro_lamellae_pleurocystidia_present,254,4,4,5,,,,,,
micro_lamellae_pleurocystidia_width,255,4,4,3,,,,,,
micro_lamellae_pleurocystidia_height,256,4,4,3,,,,,,
micro_lamellae_pleurocystidia_shape,257,4,4,5,,,,,,
micro_lamellae_pleurocystidia_color,258,4,4,6,,,,,,
micro_lamellae_pleurocystidia_ornamentation,259,4,4,5,,,,,,
micro_lamellae_pleurocystidia_crystals_present,260,4,4,5,,,,,,
micro_lamellae_pleurocystidia_encrustation,261,4,4,5,,,,,,
micro_lamellae_pleurocystidia_wall_thickness,262,4,4,3,,,,,,
micro_lamellae_pleurocystidia_individual_variation,263,4,4,5,,,,,,
micro_lamellae_pleurocystidia_contents,264,4,4,5,,,,,,
micro_lamellae_other_types_cystidia_present,265,4,4,5,,,,,,
micro_lamellae_other_types_cystidia_form,266,4,4,5,,,,,,
micro_lamellae_other_types_cystidia_width,267,4,4,3,,,,,,
micro_lamellae_other_types_cystidia_height,268,4,4,3,,,,,,
micro_lamellae_other_types_cystidia_capitula_width,269,4,4,3,,,,,,
micro_lamellae_basidia_width,270,4,4,3,,,,,,
micro_lamellae_basidia_height,271,4,4,3,,,,,,
micro_lamellae_basidia_appearance_variation,272,4,4,5,,,,,,
micro_lamellae_basidia_sterigmata_amount,273,4,4,5,,,,,,
micro_lamellae_gill_trama_pattern,274,4,4,5,Lookup Table,"Parallel, Subregular, Interwoven, Divergent [Bilateral], Divergent (Bilateral) & Multi-Sized, Convergent, Subcellular, etc.",,,,
micro_lamellae_subhymenium_pattern_type,275,4,4,5,,,,,,
micro_lamellae_droplets_quttules_within_spore_present,276,4,4,5,,,,,,
micro_lamellae_droplets_quttules_within_spore_quantity,277,4,4,5,,,,,,
micro_lamellae_paracystidia_present,278,4,4,5,,,,,,
micro_lamellae_carminophilous_basidia_present,279,4,4,5,,,,,,
micro_lamellae_metachromatic_color_reaction_to_spore_wall_present,280,4,4,6,,,,,,
micro_lamellae_coscinocystidia_present,281,4,4,5,,,,,,
micro_lamellae_macrocystidia_present,282,4,4,5,,,,,,
micro_stipe_trama,283,4,5,5,,,,,,
micro_stipe_stipitipellis_form,284,4,5,5,,,,,,
micro_stipe_cystidia_present,285,4,5,5,,,,,,
micro_stipe_cystidia_width,286,4,5,3,,,,,,
micro_stipe_cystidia_height,287,4,5,3,,,,,,
micro_stipe_form,288,4,5,5,,,,,,
micro_stipe_palisade_present,289,4,5,5,,,,,,
micro_stipe_more_characters_pileus_cystidia_present,290,4,5,5,,,,,,
micro_stipe_more_characters_pileus_cystidia_form,291,4,5,5,,,,,,
micro_stipe_more_characters_pileus_cystidia_width,292,4,5,3,,,,,,
micro_stipe_more_characters_pileus_cystidia_height,293,4,5,3,,,,,,
micro_stipe_more_characters_caulocystidia_present,294,4,5,5,,,,,,
micro_stipe_more_characters_caulocystidia_form,295,4,5,5,,,,,,
micro_stipe_more_characters_caulocystidia_width,296,4,5,3,,,,,,
micro_stipe_more_characters_caulocystidia_height,297,4,5,3,,,,,,
micro_stipe_more_characters_chrysocystidia_present,298,4,5,5,,,,,,
micro_stipe_more_characters_chrysocystidia_form,299,4,5,5,,,,,,
micro_stipe_more_characters_chrysocystidia_width,300,4,5,3,,,,,,
micro_stipe_more_characters_chrysocystidia_height,301,4,5,3,,,,,,
micro_stipe_more_characters_mycelia_cystidia_present,302,4,5,5,,,,,,
micro_stipe_more_characters_mycelia_cystidia_form,303,4,5,5,,,,,,
micro_stipe_more_characters_mycelia_cystidia_width,304,4,5,3,,,,,,
micro_stipe_more_characters_mycelia_cystidia_height,305,4,5,3,,,,,,
micro_stipe_more_characters_brachycystidia_present,306,4,5,5,,,,,,
micro_stipe_more_characters_brachycystidia_form,307,4,5,5,,,,,,
micro_stipe_more_characters_brachycystidia_width,308,4,5,3,,,,,,
micro_stipe_more_characters_brachycystidia_height,309,4,5,3,,,,,,
micro_stipe_more_characters_lamprocystidia_present,310,4,5,5,,,,,,
micro_stipe_more_characters_lamprocystidia_form,311,4,5,5,,,,,,
micro_stipe_more_characters_lamprocystidia_width,312,4,5,3,,,,,,
micro_stipe_more_characters_lamprocystidia_height,313,4,5,3,,,,,,
micro_stipe_more_characters_mycelial_conidia,314,4,5,5,,,,,,
micro_stipe_more_characters_sclerotia_layers,315,4,5,5,,,,,,
micro_stipe_more_characters_sclerotia_hyphae_appearance,316,4,5,5,,,,,,
micro_stipe_more_characters_cell_chemical_reaction_test_koh,317,4,5,5,,,,,,
micro_stipe_more_characters_cell_chemical_reaction_test_lugols,318,4,5,5,,,,,,
micro_stipe_more_characters_cell_chemical_reaction_test_sulfuric_acid,319,4,5,5,,,,,,
micro_stipe_more_characters_melzers,320,4,5,5,,,,,,
micro_stipe_more_characters_clamp_connection_present,321,4,5,5,,,,,,
micro_stipe_more_characters_setae_present,322,4,5,5,,,,,,
micro_stipe_more_characters_acanthocytesPresent,323,4,5,5,,,,,,
micro_stipe_more_characters_basal_mycelium_crystals_present,324,4,5,5,,,,,,
micro_stipe_more_characters_spores_exhibit_calyptration,325,4,5,5,,,,,,
micro_stipe_more_characters_spores_exterior_exhibits_covering,326,4,5,5,,,,,,
micro_stipe_more_characters_refractive_content_present,327,4,5,5,,,,,,
micro_chemical_tests_sulfovanillin,328,4,13,5,,,,,,
micro_chemical_tests_melzers,329,4,13,5,,,,,,
chemosystematics_psilocybin_present,330,5,13,5,,,,,,
chemosystematics_psilocybin_quantity,331,5,13,5,,,,,,
chemosystematics_psilocin_present,332,5,13,5,,,,,,
chemosystematics_psilocin_quantity,333,5,13,5,,,,,,
chemosystematics_cyanescin_present,334,5,13,5,,,,,,
chemosystematics_cyanescin_quantity,335,5,13,5,,,,,,
chemosystematics_nor_cyanescin_present,336,5,13,5,,,,,,
chemosystematics_nor_cyanescin_quantity,337,5,13,5,,,,,,
chemosystematics_aeruginascin_present,338,5,13,5,,,,,,
chemosystematics_aeruginascin_quantity,339,5,13,5,,,,,,
chemosystematics_1_methylpsilocin_present,340,5,13,5,,,,,,
chemosystematics_1_methylpsilocin_quantity,341,5,13,5,,,,,,
chemosystematics_4_chloroindole_3_acetic_acid_4_CI_IAA_present,342,5,13,5,,,,,,
chemosystematics_4_chloroindole_3_acetic_acid_4_CI_IAA_quantity,343,5,13,5,,,,,,
chemosystematics_4_hydroxytryptophan_present,344,5,13,5,,,,,,
chemosystematics_4_hydroxytryptophan_quantity,345,5,13,5,,,,,,
chemosystematics_4_hydroxytryptamine_present,346,5,13,5,,,,,,
chemosystematics_4_hydroxytryptamine_quantity,347,5,13,5,,,,,,
chemosystematics_4_hydroxy_l_tryptophan_present,348,5,13,5,,,,,,
chemosystematics_4_hydroxy_l_tryptophan_quantity,349,5,13,5,,,,,,
chemosystematics_4_hydroxyindole_present,350,5,13,5,,,,,,
chemosystematics_4_hydroxyindole_quantity,351,5,13,5,,,,,,
chemosystematics_4_ho_met_present,352,5,13,5,,,,,,
chemosystematics_4_ho_met_quantity,353,5,13,5,,,,,,
chemosystematics_4_ho_mipt_present,354,5,13,5,,,,,,
chemosystematics_4_ho_mipt_quantity,355,5,13,5,,,,,,
chemosystematics_5_hydroxyindoleacetic_acid_present,356,5,13,5,,,,,,
chemosystematics_5_hydroxyindoleacetic_acid_quantity,357,5,13,5,,,,,,
chemosystematics_5_hydroxytryptamine_present,358,5,13,5,,,,,,
chemosystematics_5_hydroxytryptamine_quantity,359,5,13,5,,,,,,
chemosystematics_5_hydroxytryptophan_present,360,5,13,5,,,,,,
chemosystematics_5_hydroxytryptophan_quantity,361,5,13,5,,,,,,
chemosystematics_5_6_dihydroxyindole_dhi_present,362,5,13,5,,,,,,
chemosystematics_5_6_dihydroxyindole_dhi_quantity,363,5,13,5,,,,,,
chemosystematics_7_acetyl_4_methy_lazulene_1_carbalehyde_present,364,5,13,5,,,,,,
chemosystematics_7_acetyl_4_methy_lazulene_1_carbaldehyde_quantity,365,5,13,5,,,,,,
chemosystematics_7_isopropenyl_4_methyl_azulene_1_carboxyli_acid_present,366,5,13,5,,,,,,
chemosystematics_7_isopropenyl_4_methyl_azulene_1_carboxylic_acid_quantity,367,5,13,5,,,,,,
chemosystematics_methyl_stearate_present,368,5,13,5,,,,,,
chemosystematics_methyl_stearate_quantity,369,5,13,5,,,,,,
chemosystematics_15_hydroxy_3_6_dihydrolactarazulene_present,370,5,13,5,,,,,,
chemosystematics_15_hydroxy_3_6_dihydrolactarazulene_quantity,371,5,13,5,,,,,,
chemosystematics_15_hydroxy_6_7_dihydrolactarazulene_present,372,5,13,5,,,,,,
chemosystematics_15_hydroxy_6_7_dihydrolactarazulene_quantity,373,5,13,5,,,,,,
chemosystematics_amatoxins_present,374,5,13,5,,,,,,
chemosystematics_amatoxins_quantity,375,5,13,5,,,,,,
chemosystematics_amanitins_present,376,5,13,5,,,,,,
chemosystematics_amanitins_quantity,377,5,13,5,,,,,,
chemosystematics_azulene_present,378,5,13,5,,,,,,
chemosystematics_azulene_quantity,379,5,13,5,,,,,,
chemosystematics_b-carbolines_present,380,5,13,5,,,,,,
chemosystematics_b-carbolines_quantity,381,5,13,5,,,,,,
chemosystematics_baeocystin_1_present,382,5,13,5,,,,,,
chemosystematics_baeocystin_1_quantity,383,5,13,5,,,,,,
chemosystematics_bis_trimethyl_silyl_psilocybin_present,384,5,13,5,,,,,,
chemosystematics_bis_trimethyl_silyl_psilocybin_quantity,385,5,13,5,,,,,,
chemosystematics_bis_trimethyl_silyl_psilocin_present,386,5,13,5,,,,,,
chemosystematics_bis_trimethyl_silyl_psilocin_quantity,387,5,13,5,,,,,,
chemosystematics_bufotenin_present,388,5,13,5,,,,,,
chemosystematics_bufotenin_quantity,389,5,13,5,,,,,,
chemosystematics_bufotenidine_present,390,5,13,5,,,,,,
chemosystematics_bufotenidine_quantity,391,5,13,5,,,,,,
chemosystematics_cathinone_present,392,5,13,5,,,,,,
chemosystematics_cathinone_quantity,393,5,13,5,,,,,,
chemosystematics_chamazulene_present,394,5,13,5,,,,,,
chemosystematics_chamazulene_quantity,395,5,13,5,,,,,,
chemosystematics_d_lysergic_acid_present,396,5,13,5,,,,,,
chemosystematics_d-lysergic_acid_quantity,397,5,13,5,,,,,,
chemosystematics_dopa_present,398,5,13,5,,,,,,
chemosystematics_dopa_quantity,399,5,13,5,,,,,,
chemosystematics_dopamine_present,400,5,13,5,,,,,,
chemosystematics_dopamine_quantity,401,5,13,5,,,,,,
chemosystematics_dopaminechrome_present,402,5,13,5,,,,,,
chemosystematics_dopaminechrome_quantity,403,5,13,5,,,,,,
chemosystematics_dopamine_quinone_present,404,5,13,5,,,,,,
chemosystematics_dopamine_quinone_quantity,405,5,13,5,,,,,,
chemosystematics_guaiazulene_present,406,5,13,5,,,,,,
chemosystematics_guaiazulene_quantity,407,5,13,5,,,,,,
chemosystematics_gyrocyanin_present,408,5,13,5,,,,,,
chemosystematics_gyrocyanin_quantity,409,5,13,5,,,,,,
chemosystematics_harmane_present,410,5,13,5,,,,,,
chemosystematics_harmane_quantity,411,5,13,5,,,,,,
chemosystematics_harmine_present,412,5,13,5,,,,,,
chemosystematics_harmine_quantity,413,5,13,5,,,,,,
chemosystematics_harmol_present,414,5,13,5,,,,,,
chemosystematics_harmol_quantity,415,5,13,5,,,,,,
chemosystematics_hispidin_present,416,5,13,5,,,,,,
chemosystematics_hispidin_quantity,417,5,13,5,,,,,,
chemosystematics_indigoidine_present,418,5,13,5,,,,,,
chemosystematics_indigoidine_quantity,419,5,13,5,,,,,,
chemosystematics_indole_present,420,5,13,5,,,,,,
chemosystematics_indole_quantity,421,5,13,5,,,,,,
chemosystematics_indole_3_acetic_acid_present,422,5,13,5,,,,,,
chemosystematics_indole_3_acetic_acid_quantity,423,5,13,5,,,,,,
chemosystematics_indole_3_butyric_acid_present,424,5,13,5,,,,,,
chemosystematics_indole_3_butyric_acid_quantity,425,5,13,5,,,,,,
chemosystematics_indolyl_present,426,5,13,5,,,,,,
chemosystematics_indolyl_quantity,427,5,13,5,,,,,,
chemosystematics_isatin_present,428,5,13,5,,,,,,
chemosystematics_isatin_quantity,429,5,13,5,,,,,,
chemosystematics_leucochrome_present,430,5,13,5,,,,,,
chemosystematics_leucochrome_quantity,431,5,13,5,,,,,,
chemosystematics_luciferin_present,432,5,13,5,,,,,,
chemosystematics_luciferin_quantity,433,5,13,5,,,,,,
chemosystematics_luciferase_present,434,5,13,5,,,,,,
chemosystematics_luciferase_quantity,435,5,13,5,,,,,,
chemosystematics_matricin_present,436,5,13,5,,,,,,
chemosystematics_matricin_quantity,437,5,13,5,,,,,,
chemosystematics_melatonin_present,438,5,13,5,,,,,,
chemosystematics_melatonin_quantity,439,5,13,5,,,,,,
chemosystematics_monoamine_oxidase_inhibitors_present,440,5,13,5,,,,,,
chemosystematics_monoamine_oxidase_inhibitors_quantity,441,5,13,5,,,,,,
chemosystematics_muscarine_present,442,5,13,5,,,,,,
chemosystematics_muscarine_quantity,443,5,13,5,,,,,,
chemosystematics_n_methyltryptamine_present,444,5,13,5,,,,,,
chemosystematics_n_methyltryptamine_quantity,445,5,13,5,,,,,,
chemosystematics_n_n_dimethyltryptamine_present,446,5,13,5,,,,,,
chemosystematics_n_n_dimethyltryptamine_quantity,447,5,13,5,,,,,,
chemosystematics_n_acetylserotonin _nas_normelatonin_present,448,5,13,5,,,,,,
chemosystematics_n_acetylserotonin _nas_normelatonin_quantity,449,5,13,5,,,,,,
chemosystematics_nitric_oxide_present,450,5,13,5,,,,,,
chemosystematics_nitric_oxide_quantity,451,5,13,5,,,,,,
chemosystematics_norepinephrine_present,452,5,13,5,,,,,,
chemosystematics_norepinephrine_quantity,453,5,13,5,,,,,,
chemosystematics_norharmine_present,454,5,13,5,,,,,,
chemosystematics_norharmine_quantity,455,5,13,5,,,,,,
chemosystematics_norpsilocin_present,456,5,13,5,,,,,,
chemosystematics_norpsilocin_quantity,457,5,13,5,,,,,,
chemosystematics_oxindole_2_Indolone_present,458,5,13,5,,,,,,
chemosystematics_oxindole_2_Indolone_quantity,459,5,13,5,,,,,,
chemosystematics_oxytocin_present,460,5,13,5,,,,,,
chemosystematics_oxytocin_quantity,461,5,13,5,,,,,,
chemosystematics_phallotoxins_and_phalloidins_present,462,5,13,5,,,,,,
chemosystematics_phallotoxins_and_phalloidins_quantity,463,5,13,5,,,,,,
chemosystematics_phenylethylamine_present,464,5,13,5,,,,,,
chemosystematics_phenylethylamine_quantity,465,5,13,5,,,,,,
chemosystematics_prolactin_present,466,5,13,5,,,,,,
chemosystematics_prolactin_quantity,467,5,13,5,,,,,,
chemosystematics_psilacetin_o_acetylpsilocin_4_aco_dmt_present,468,5,13,5,,,,,,
chemosystematics_psilacetin (o_acetylpsilocin_4_aco_dmt_quantity,469,5,13,5,,,,,,
chemosystematics_psilocybin_1_present,470,5,13,5,,,,,,
chemosystematics_psilocybin_1_quantity,471,5,13,5,,,,,,
chemosystematics_pulvinic_acids_present,472,5,13,5,,,,,,
chemosystematics_pulvinic_acids_quantity,473,5,13,5,,,,,,
chemosystematics_quinone_methide_present,474,5,13,5,,,,,,
chemosystematics_quinone_methide_quantity,475,5,13,5,,,,,,
chemosystematics_sanguinone_a_present,476,5,13,5,,,,,,
chemosystematics_sanguinone_a_quantity,477,5,13,5,,,,,,
chemosystematics_sanguinone_b_present,478,5,13,5,,,,,,
chemosystematics_sanguinone_b_quantity,479,5,13,5,,,,,,
chemosystematics_seratoni_5_ht_present,480,5,13,5,,,,,,
chemosystematics_seratoni_5_ht_quantity,481,5,13,5,,,,,,
chemosystematics_tryptamine_present,482,5,13,5,,,,,,
chemosystematics_tryptamine_quantity,483,5,13,5,,,,,,
chemosystematics_tryptophan_variegatic_acid present,484,5,13,5,,,,,,
chemosystematics_tryptophan_variegatic_acid_quantity,485,5,13,5,,,,,,
chemosystematics_vasopressin_present,486,5,13,5,,,,,,
chemosystematics_vasopressin_quantity,487,5,13,5,,,,,,
chemosystematics_known_novel_maois_monoamine_oxidase_inhibitors_present,488,5,13,5,,,,,,
chemosystematics_muscarine_present,489,5,13,5,,,,,,
chemosystematics_muscimol_present,490,5,13,5,,,,,,
chemosystematics_ibotenic_acid_present,491,5,13,5,,,,,,
chemosystematics_antamanide_present,492,5,13,5,,,,,,
chemosystematics_novel_amatoxins_present,493,5,13,5,,,,,,
chemosystematics_phallotoxins_present,494,5,13,5,,,,,,
chemosystematics_phallolysin_present,495,5,13,5,,,,,,
chemosystematics_virotoxins_present,496,5,13,5,,,,,,
chemosystematics_alpha_amanitin_present,497,5,13,5,,,,,,
chemosystematics_beta_amanitin_present,498,5,13,5,,,,,,
chemosystematics_gamma_amanitin_present,499,5,13,5,,,,,,
chemosystematics_epilson_amanitin_present,500,5,13,5,,,,,,
chemosystematics_delta_amanitin_present,501,5,13,5,,,,,,
chemosystematics_amanullin_present,502,5,13,5,,,,,,
chemosystematics_amanullinic_acid_present,503,5,13,5,,,,,,
chemosystematics_amaninamide_present,504,5,13,5,,,,,,
chemosystematics_amanin_present,505,5,13,5,,,,,,
chemosystematics_proamanullin_present,506,5,13,5,,,,,,
chemosystematics_anti_bacterial_chemical_present,507,5,13,5,,,,,,
chemosystematics_anti_fungal_chemical_present,508,5,13,5,,,,,,
chemosystematics_anti_cancer_chemical_present,509,5,13,5,,,,,,
chemosystematics_anti_mosquito_chemical_present,510,5,13,5,,,,,,
chemosystematics_anti_nematode_chemical_present,511,5,13,5,,,,,,
chemosystematics_anti_tick_chemical_present,512,5,13,5,,,,,,
chemosystematics_anti_protozoal_chemical_present,513,5,13,5,,,,,,
chemosystematics_anti_viral_chemical_present,514,5,13,5,,,,,,
chemosystematics_dna_sequence_relevant_production,515,5,13,5,,,,,,
chemosystematics_separate_test_caps,516,5,13,5,,,,,,
chemosystematics_separate_test_stems,517,5,13,5,,,,,,
chemosystematics_separate_test_gill_tissue,518,5,13,5,,,,,,
chemosystematics_separate_test_mycelium,519,5,13,5,,,,,,
mating_compatibility_agar,520,6,2,5,,,,,,
mating_compatibility_mating_type_locus_sequence,521,6,2,5,,,,,,
mating_compatibility_mating_types_quantity,522,6,2,5,,,,,,
mating_compatibility_mycelium_growth_pattern_description,523,6,2,5,,,,,,
mating_compatibility_mycorrhizal_relationship,524,6,2,5,,,,,,
mating_compatibility_predictive_dna_sequences,525,6,2,5,,,,,,
mycelium_thin_or_thick_walled_hypha_present,526,7,7,5,,,,,,
mycelium_mycelial_cystidia_present,527,7,7,5,,,,,,
mycelium_aerial_hyphae_present,528,7,7,5,,,,,,
mycelium_vegetative_hypha_present,529,7,7,5,,,,,,
mycelium_advancing_zone_present,530,7,7,5,,,,,,
mycelium_conidia_present,531,7,7,5,,,,,,
mycelium_chlamydospores_present,532,7,7,5,,,,,,
mycelium_arthrospores_present,533,7,7,5,,,,,,
mycelium_clamp_connections_present,534,7,7,5,,,,,,
mycelium_anastomoses_present,535,7,7,5,,,,,,
mycelium_shape_form,536,7,7,5,,,,,,
mycelium_size,537,7,7,5,,,,,,
mycelium_elevation_side_view,538,7,7,5,,,,,,
mycelium_margin_border,539,7,7,5,,,,,,
mycelium_surface,540,7,7,5,,,,,,
mycelium_opacity,541,7,7,5,,,,,,
mycelium_colors,542,7,7,5,,,,,,
mycelium_observable_transformations_phases,543,7,7,5,,,,,,
mycelium_reaction_to_sectioning_damage,544,7,7,5,,,,,,
mycelium_cold_shocking_response,545,7,7,5,,,,,,
mycelium_hypha_exhibit_gravitropism,546,7,7,5,,,,,,
mycelium_hypha_exhibit_thigmotropism,547,7,7,5,,,,,,
mycelium_hypha_exhibit_phototropism,548,7,7,5,,,,,,
mycelium_hypha_exhibit_aerotropism,549,7,7,5,,,,,,
mycelium_hypha_exhibit_galvanotropism,550,7,7,5,,,,,,
mycelium_hyphal_coils_present,551,7,7,5,,,,,,
mycelium_electromagnetic_light_test,552,7,7,5,,,,,,
mycelium_zonate_mycelium,553,7,7,5,,,,,,
dna_complete_its_region_sequence,554,8,10,5,,,,,,
dna_entire_genome_sequence,555,8,10,5,,,,,,
dna_exome_sequencing,556,8,10,5,,,,,,
dna_additional_regions,557,8,10,5,,,,,,
dna_genome_sequence_sub_surface_mycelium,558,8,10,5,,,,,,
dna_substrata_sequences,559,8,10,5,,,,,,
dna_all_sequences,560,8,10,5,,,,,,