Created Variable Name  original position relates to https://mushroomobserver.org/species_lists/1417?q=1mg6c,Original position,Part,Comments,Data ,Reference,,,
pileus_shape_form,1,3,Lookup table,"Convex, Hemispherical, Spherical, Ovoid, Conical, Cylindric, Flat, Depressed, Funnel-Shaped, Companulate, Cuspidate, Umbonate, Papillate, Umbilicate, Uplifted, Parabolic, Pulvinate, Plane, Infundibuliform, Other",,,,
pileus_height_mm,2,3,,,,,,
pileus_width_mm,3,3,,,,,,
pileus_tissue_thickness_mm,4,3,,,,,,
pileus_color_spectrum,5,3,,,,,,
pilei_surface_wetness,6,3,Lookup table,"Dry, Moist, Glutinous, Gelatinous, Viscid, Subviscid, Other",,,,
pileus_hygrophanous_or_non,7,3,,,,,,
pileus_striate_or_not,8,3,,,,,,
pileus_center,9,3,Lookup table,"Indented, Nearly perforated, Perforated",,,,
pileus_central_disc_colored,10,3,Lookup table,"darker, lighter",,,,
pileus_pellicle_gelatinous_separable,11,3,,,,,,
pilei_surface_shininess_or_non,12,3,,,,,,
pileus_surface_texture,13,3,Lookup table,"Glabrous smooth, non-glabrous Downy-Wooly, non-glabrous Matted-Fibrillose, non-glabrous Furfuraceous, non-glabrous Granulose, non-glabrous Pruinose, non-glabrous Squamose, non-glabrous Squamulose, non-glabrous Scaly, non-glabrous Hairy, Shaggy, Bristled/Bristly, Strigose, Warted, Appressed, Appressed-Fibrillose, Tomentose, Virgate, Scrobiculate, Alveolate, Lacunose, Lacinate, Areolate, Atomate, Micaceous, Superficial, Innate, Venose, non-glabrous Other",,,,
pileus_margin_form,14,3,Lookup table,,https://mushroomobserver.org/species_list/show_species_list/1770?q=1l6a2,,,
pileus_margin_smooth_cleft_in_turn,15,3,,,,,,
pileus_veil_flocks_adhere_pileus_margin,16,3,,,,,,
pilei_striations_length_mm,17,3,,,,,,
pilei_striations_width_mm,18,3,,,,,,
pilei_striations_depth_mm,19,3,,,,,,
pilei_striations_frequency,20,3,,,,,,
pilei_striations_countenance,21,3,,,,,,
pileus_cuticle_removes_easily,22,3,,,,,,
pileus_radial_furrows_present,23,3,,,,,,
pileus_stem_clean_separation,24,3,,,,,,
pileus_spore_deposits_resting_on_pileus_surface_color,25,3,,,,,,
pileus_response_knife_streak,26,3,,,,,,
pilei_zonate_pattern,27,3,,,,,,
pileus_rolled_up_presence_reveals_gills_curled_up,28,3,,,,,,
gill_color,29,4,,,,,,
gill_color_change_sterile_to_young,30,4,,,,,,
gill_color_change_to_mature_lamellae,31,4,,,,,,
gill_distance_spacing,32,4,Lookup table,"Close, Crowded, Distant, Sub-Distant, other",,,,
gill_thickness,33,4,Lookup table,"Average, Thick, Tapering, other",,,,
gill_blade_breadth,34,4,Lookup table,"Narrow, Broad, Ventricose, etc.",,,,
gill_edges_exhibit_gelantinour_pallid_thickish_thread ,35,4,,,,,,
gill_attachment,36,4,Lookup table,"Adnate, Adnexed, Sinuate, Decurrent, Collared, other",,,,
gill_spore_print_colors,37,4,,,,,,
gill_spore_print_deposit_heaviness,38,4,,,,,,
gill_permanently_sterile,39,4,,,,,,
gill_nearly_sterile,40,4,,,,,,
gill_anastomosing_present,41,4,,,,,,
gill_false_present,42,4,,,,,,
gill_lamellula_present,43,4,,,,,,
gill_position_above_view,44,4,,,,,,
gill_forking_branching,45,4,,,,,,
gill_mottled_present,46,4,,,,,,
gill_margin_nuanced_color_due_cheilocystidia,47,4,,,,,,
gill_margins_nuanced_texture_appearance,48,4,Lookup table,"Serrated, Eroded, Sinuate, Wrinkled, other",https://mushroomobserver.org/species_list/show_species_list/2051?q=1mJjU,,,
gill_wavy,49,4,,,,,,
gill_knife_cut_response,50,4,,,,,,
gill_veil_fragments_adhere,51,4,,,,,,
gill_lamellar_edge_partially_completely_pigmented_edges_not_cystidia_appearance_result,52,4,,,,,,
stipe_veil_or_cortina_present,53,5,,,,,,
stipe_annulus_or_annular_zone_present,54,5,,,,,,
stipe_annulus_scar_from_once_present_annulus,55,5,,,,,,
stipe_annulus_easily_removed_or_falls_off_stem,56,5,,,,,,
stipe_annulus_ridge_present,57,5,,,,,,
stipe_length_mm,58,5,,,,,,
stipe_width_mm,59,5,,,,,,
stipe_bulbous_base_diameter_mm,60,5,,,,,,
stipe_bulbous_base_height_mm,61,5,,,,,,
stipe_colors,62,5,,,,,,
stipe_surface_texture,63,5,Lookup table,"Smooth, Banded, Peronate, Fibrose, Lacunose, Longtidunally Striate, Ribbed [Costate], Scabrous, Pruinose [Powdery], Speckled, Punctate, Glandular-Dotted, Reticulate, Other",,,,
stipe_apex_has_striations,64,5,,,,,,
stipe_color_spectrum,65,5,,,,,,
stipe_interior,66,5,Lookup table,"centrally solid, stuffed (w/hyphae), hollow, fistulose, broadly fistulose, partially stuffed/partially hollow, chambered",,,,
stipe_vertical_fold_present,67,5,,,https://mushroomobserver.org/glossary_terms/1856 and https://mushroomobserver.org/species_list/show_species_list/2012?q=1lHmX,,,
stipe_rhizomorphs_present_at_base,68,5,,,,,,
stipe_mycelium_present_at_base,69,5,,,,,,
stipe_pseudorhiza_present,70,5,,,,,,
stipe_base_shape,71,5,,,,,,
stipe_base_color,72,5,,,,,,
stipe_base_width_mm,73,5,,,,,,
stipe_base_height_mm,74,5,,,,,,
stipe_base_attachment,75,5,,,,,,
stipe_basal_disc_present,76,5,,,,,,
stipe_radicating_or_non,77,5,,,,,,
stipe_basal_mycelium_form,78,5,,,,,,
stipe_basal_mycelium_color,79,5,,,,,,
stipe_basal_mycelium_width_mm,80,5,,,,,,
stipe_basal_mycelium_length_mm,81,5,,,,,,
stipe_basal_mycelium_density,82,5,,,,,,
stipe_basal_mycelium_substrate_attachment,83,5,,,,,,
stipe_basal_mycelium_cell_amiloidity,84,5,,,,,,
substrata_items_still_attached_to_basiodcarp_base_upon_harvesting,85,5,,,,,,
stipe_pattern_appearance_consistency,86,5,,,,,,
stipe_form,87,5,Lookup table,"flexuose, straight, extremely flexuouse, somewhat flexuouse, consistently straight, other",,,,
stipe_base_nuance_contrast,88,5,,,,,,
stipe_base_striations,89,5,,,,,,
stipe_base_striation_length_mm,90,5,,,,,,
stipe_base_striation_width_mm,91,5,,,,,,
stipe_base_striation_depth_mm,92,5,,,,,,
stipe_base_striation_frequency,93,5,,,,,,
stipe_strict_or_relaxed_longitudinal_lines,94,5,,,,,,
stipe_line_patterns,95,5,,,https://mushroomobserver.org/glossary_terms/1073,,,
stipe_volva_present_observable_attributes,96,,,,,,,
stipe_volva_height_mm,97,,,,,,,
stipe_volva_present  ,98,,,,,,,
stipe_volva_evanescence,99,,,,,,,
stipe_volva_persistence,100,,,,,,,
stipe_volva_pseudovolva_present,101,,,,,,,
stipe_volva_sack_elongated_tubular_present,102,,,,https://mushroomobserver.org/460796?q=1mlYQ,,,
stipe_volva_marginate_bulb_present,103,,,,,,,
stipe_volva_oxonium_present,104,,,,,,,
stipe_surface_tissue_peeling_up_or_down,105,,,,https://mushroomobserver.org/species_list/show_species_list/2042,,,
stipe_veil_flocks_adhere_stipe,106,,,,,,,
stipe_easily_fractures_when_bent,107,,,,,,,
stipe_surface_spore_deposit_color,108,,,,,,,
stipe_pothole_like_depression,109,,,,,,,
stipe_annulus_persistent,110,,,,,,,
stipe_surface_exhibits_cottony_hyphal_appearance,111,,,,,,,
stipe_mycelium_growing_up_base_and_up_stem,112,,,,https://mushroomobserver.org/487056?q=1mPN1,,,
stipe_tapered_upward_or_downward,113,,,,,,,
stipe_internal_necrosis_present,114,,,,,,,
stipe_annulus_height_in_relation_to_stipe,115,,,,,,,
stipe_knife_cut_response,116,,,,,,,
stipe_exhibits_noteworthy_elevated_striations,117,,,,,,,
more_macro_fruiting_body_entire_height,118,,,,,,,
more_macro_growth_stage_video,119,,,,,,,
more_macro_habitat,120,,,,,,,
more_macro_ecology,121,,,,,,,
more_macro_substrate,122,,,,,,,
more_macro_substrata,123,,Lookup Table,"On Soil, Decaying Wood, Humus, Duff, Bryophytes, Dung, Grass, Tree Cones, Tree Needles, Leaves, other",,,,
more_macro_trees_present,124,,Lookup Table,"Saprophytic, Parasitic, Endophytic, Ectomycorrhizal, Symbiotic, other",,,,
more_macro_nutrition_mode,125,,Lookup Table,,,,,
more_macro_mycorrhizal_relationships,126,,,,,,,
more_macro_plant_relationships,127,,,,,,,
more_macro_nutrition_mode_change,128,,,,,,,
more_macro_locality,129,,,,,,,
more_macro_geographic_distribution,130,,,,,,,
more_macro_latitude,131,,,,,,,
more_macro_longitude,132,,,,,,,
more_macro_fruiting_body_entire_weight,133,,,,,,,
more_macro_natural_fruiting_time_of_year,134,,,,,,,
more_macro_sclerotia_pseudosclerotia_present,135,,,,,,,
more_macro_primordia_form,136,,,,,,,
more_macro_primordia_colors,137,,,,,,,
more_macro_growth_pattern_general,138,,,,,,,
more_macro_field_chemical_reaction_test,139,,,,See dedicated section further down,,,
more_macro_aroma,140,,,,See dedicated section further down,,,
more_macro_flavor,141,,,,See dedicated section further down,,,
more_macro_universal_veil_present,142,,,,,,,
more_macro_universal_veil_remants_warts_present,143,,,,,,,
more_macro_deliquesence_present,144,,,,,,,
more_macro_lactiferous_fluid_present,145,,,,,,,
more_macro_transient_morphing_ephemeral_characters_during_growth_stages,146,,,,,,,
more_macro_stature_types,147,,,,,,,
more_macro_basidiocarps_fragile_normal_tough,148,,Lookup Table,"fragile, normal, tough",,,,
more_macro_handling_specimen_color_change,149,,Lookup Table,"none, subtle, drastic",,,,
more_macro_photographic_compare_fresh,150,,,,,,,
more_macro_photograph_compare_dried_completely_dehydrated,151,,,,,,,
more_macro_pileus_compare_color_spectrum_very_moist_rainy,152,,,,,,,
more_macro_pileus_compare_color_spectrum_non_rainy,153,,,,,,,
more_macro_stipe_compare_color_spectrum_very_moist_rainy,154,,,,,,,
more_macro_stipe_compare_color_spectrum_non_rainy,155,,,,,,,
more_macro_fluorescent_reaction_ultraviolent_light_present,156,,,,,,,
more_macro_bioluminescence,157,,,,,,,
more_macro_pilei_exhibit_darkening_burn_like_character,158,,,,,,,
more_macro_stipe_exhibit_darkening_burn_like_character,159,,,,https://mushroomobserver.org/species_list/show_species_list/2040?q=1lwxJ,,,
more_macro_time_from_primordia_to_decompose,160,,,,,,,
more_macro_elevation,161,,,,,,,
more_macro_survive_completely_aquatic_environment,162,,,,,,,
more_macro_survive_snowpack_melt_mountains,163,,,,,,,
more_macro_survive_fire_burn,164,,,,,,,
more_macro_fruiting_temperature_low,165,,,,,,,
more_macro_fruiting_temperature_high,166,,,,,,,
more_macro_fruiting_humidity_low,167,,,,,,,
more_macro_fruiting_humidity_high,168,,,,,,,
more_macro_grow_light_uv_spectrum_response,169,,,,"Also, see the following presentation and skip to 7 minutes in: https://m.youtube.com/watch?v=M9joL8spvS8#fauxfullscreen Note: Not only the first and second flushes of a fruiting species are tested, but importantly, the third and fourth flushes are compared",,,
more_macro_deep_low_sounding_audio_waves_during_growth_response,170,,,,,,,
more_macro_albinistic_leucistic_fruit_body_presence,171,,,,,,,
more_macro_secotioid_formation_present,172,,,,,,,
more_macro_mycelium_strongly_present_above_substrate_surface,173,,,,,,,
more_macro_aborts_pins_present,174,,,,,,,
more_macro_pileus_guttation_drops_present,175,,,,,,,
more_macro_stipe_guttation_drops_present,176,,,,,,,
more_macro_gills_guttation_drops_present,177,,,,,,,
more_macro_pileus_guttation_drops_color,178,,,,,,,
more_macro_stipe_guttation_drops_color,179,,,,,,,
more_macro_gills_guttation_drops_color,180,,,,,,,
more_macro_pileus_guttation_drops_abundance,181,,,,,,,
more_macro_stipe_guttation_drops_abundance,182,,,,,,,
more_macro_gills_guttation_drops_abundance,183,,,,,,,
more_macro_agaricicolous_growing_on_other_fungus,184,,,,,,,
more_macro_polymorphic,185,,,,,,,
more_macro_fungal_dysmorphias_present,186,,,,https://mushroomobserver.org/species_list/show_species_list/401,,,
more_macro_veil_thickness,187,,,,,,,
more_macro_veil_relative_strength,188,,,,,,,
more_macro_veil_overall_lifespan_developments,189,,,,,,,
more_macro_common_or_rare,190,,,,,,,
more_macro_how_fleshy_freshly_harvested,191,,,,,,,
more_macro_water_spots_present,192,,,,https://mushroomobserver.org/glossary_terms/2303?q=1nI5O,,,
low_magnification_colors_present,193,,,,,,,
low_magnification_setae_present,194,,,,,,,
low_magnification_automate_micaceous_structures,195,,,,,,,
macrochemical_color_reaction_nh4oh,196,,,,,,,
macrochemical_color_reaction_koh,197,,,,,,,
macrochemical_color_reaction_feso4,198,,,,,,,
macrochemical_color_reaction_pdab,199,,,,,,,
macrochemical_color_reaction_phenol,200,,,,,,,
macrochemical_color_reaction_schaeffer,201,,,,,,,
macrochemical_color_reaction_guiac,202,,,,,,,
 macrochemical_color_reaction_weiland_meixner,203,,,,,,,
 macrochemical_color_reaction_sulfovanillin,204,,,,,,,
macroscopic_aroma,204a,,Lookup Table,"almond-like, bakery-like, like dark cacao chocolate, apricot-like, like frozen orange juice, “normal/common,” cucumber-like, anise-like, garlic-like, coal-tar-like, radish-like, cedar-like, bleach-like, spermatic, shrimp-like, maraschino-cherry-like, acrid, other",,,,
macroscopic_taste,204b,,Lookup Table,,,,,
micro_pileus_trama_pattern,205,,,,,,,
micro_pileus_pileipellis_pattern,206,,Lookup Table,"Cutis, Dry Cutis, Ixocutis, Pluristratous Hymeniderm, Hymeniform, Trichoderm, other",,,,
micro_pilei_cystidia_present,207,,,,,,,
micro_pelei_cystidia_size,208,,,,,,,
micro_pelei_cystidia_form,209,,,,,,,
micro_pileipellis_end_hyphae_present,210,,,,,,,
micro_pileocystidia_present,211,,,,,,,
micro_setae_present,212,,,,,,,
micro_circumcystidia_present,213,,,,,,,
micro_pileipellis_end_hyphae_measurement,214,,,,,,,
micro_pileocystidia_measurement,215,,,,,,,
micro_setae_measurement,216,,,,,,,
micro_circumcystidia_measurement,217,,,,,,,
micro_circumcystidia_form,218,,,,,,,
micro_circumcystidia_form,219,,,,,,,
micro_circumcystidia_form,220,,,,,,,
micro_circumcystidia_form,221,,,,,,,
micro_clamp_connection_present,222,,,,,,,
micro_pileipellis_exhibits_encrusted_pigments,223,,,,,,,
micro_broom_cells_observed_in_pileipellis,224,,,,,,,
micro_apical_projections_observed_in_pileipellis,225,,,,,,,
micro_velipellis_present,226,,,,,,,
micro_lamellae_spore_width_max_nm,227,,,,,,,
micro_lamellae_spore_height_nm,228,,,,,,,
micro_lamellae_spore_width_max_nm,229,,,,,,,
micro_lamellae_spore_width_min_nm,230,,,,,,,
micro_lamellae_spore_height_max_nm,231,,,,,,,
micro_lamellae_spore_height_min_nm,232,,,,,,,
micro_lamellae_spore_shape,233,,,,,,,
micro_lamellae_spore_wall_thickness_nm,234,,,,,,,
micro_lamellae_spore_color,235,,,,,,,
micro_lamellae_spore_ornamentation,236,,,,,,,
micro_lamellae_spore_germ_pore_present,237,,,,,,,
micro_lamellae_spore_symmetry,238,,,,,,,
micro_lamellae_spore_attachment,239,,,,,,,
micro_lamellae_spore_membrane_perispore_present,240,,,,,,,
micro_lamellae_spore_pigmentation_test,241,,,,,,,
micro_lamellae_spore_inner_contents,242,,,,,,,
micro_lamellae_cheilocystidia_present,243,,,,,,,
micro_lamellae_cheilocystidia_width,244,,,,,,,
micro_lamellae_cheilocystidia_height,245,,,,,,,
micro_lamellae_cheilocystidia_shape,246,,,,,,,
micro_lamellae_cheilocystidia_color,247,,,,,,,
micro_lamellae_cheilocystidia_ornamentation,248,,,,,,,
micro_lamellae_cheilocystidia_crystals_present,249,,,,,,,
micro_lamellae_cheilocystidia_encrustation,250,,,,,,,
micro_lamellae_cheilocystidia_wall_thickness,251,,,,,,,
micro_lamellae_cheilocystidia_individual_variation,252,,,,,,,
micro_lamellae_cheilocystidia_contents,253,,,,,,,
micro_lamellae_pleurocystidia_present,254,,,,,,,
micro_lamellae_pleurocystidia_width,255,,,,,,,
micro_lamellae_pleurocystidia_height,256,,,,,,,
micro_lamellae_pleurocystidia_shape,257,,,,,,,
micro_lamellae_pleurocystidia_color,258,,,,,,,
micro_lamellae_pleurocystidia_ornamentation,259,,,,,,,
micro_lamellae_pleurocystidia_crystals_present,260,,,,,,,
micro_lamellae_pleurocystidia_encrustation,261,,,,,,,
micro_lamellae_pleurocystidia_wall_thickness,262,,,,,,,
micro_lamellae_pleurocystidia_individual_variation,263,,,,,,,
micro_lamellae_pleurocystidia_contents,264,,,,,,,
micro_lamellae_other_types_cystidia_present,265,,,,,,,
micro_lamellae_other_types_cystidia_form,266,,,,,,,
micro_lamellae_other_types_cystidia_width,267,,,,,,,
micro_lamellae_other_types_cystidia_height,268,,,,,,,
micro_lamellae_other_types_cystidia_capitula_width,269,,,,,,,
micro_lamellae_basidia_width,270,,,,,,,
micro_lamellae_basidia_height,271,,,,,,,
micro_lamellae_basidia_appearance_variation,272,,,,,,,
micro_lamellae_basidia_sterigmata_amount,273,,,,,,,
micro_lamellae_gill_trama_pattern,274,,Lookup Table,"Parallel, Subregular, Interwoven, Divergent [Bilateral], Divergent (Bilateral) & Multi-Sized, Convergent, Subcellular, etc.",,,,
micro_lamellae_subhymenium_pattern_type,275,,,,,,,
micro_lamellae_droplets_quttules_within_spore_present,276,,,,,,,
micro_lamellae_droplets_quttules_within_spore_quantity,277,,,,,,,
micro_lamellae_paracystidia_present,278,,,,,,,
micro_lamellae_carminophilous_basidia_present,279,,,,,,,
micro_lamellae_metachromatic_color_reaction_to_spore_wall_present,280,,,,,,,
micro_lamellae_coscinocystidia_present,281,,,,,,,
micro_lamellae_macrocystidia_present,282,,,,,,,
micro_stipe_trama,283,,,,,,,
micro_stipe_stipitipellis_form,284,,,,,,,
micro_stipe_cystidia_present,285,,,,,,,
micro_stipe_cystidia_width,286,,,,,,,
micro_stipe_cystidia_height,287,,,,,,,
micro_stipe_form,288,,,,,,,
micro_stipe_palisade_present,289,,,,,,,
micro_stipe_more_characters_pileus_cystidia_present,290,,,,,,,
micro_stipe_more_characters_pileus_cystidia_form,291,,,,,,,
micro_stipe_more_characters_pileus_cystidia_width,292,,,,,,,
micro_stipe_more_characters_pileus_cystidia_height,293,,,,,,,
micro_stipe_more_characters_caulocystidia_present,294,,,,,,,
micro_stipe_more_characters_caulocystidia_form,295,,,,,,,
micro_stipe_more_characters_caulocystidia_width,296,,,,,,,
micro_stipe_more_characters_caulocystidia_height,297,,,,,,,
micro_stipe_more_characters_chrysocystidia_present,298,,,,,,,
micro_stipe_more_characters_chrysocystidia_form,299,,,,,,,
micro_stipe_more_characters_chrysocystidia_width,300,,,,,,,
micro_stipe_more_characters_chrysocystidia_height,301,,,,,,,
micro_stipe_more_characters_mycelia_cystidia_present,302,,,,,,,
micro_stipe_more_characters_mycelia_cystidia_form,303,,,,,,,
micro_stipe_more_characters_mycelia_cystidia_width,304,,,,,,,
micro_stipe_more_characters_mycelia_cystidia_height,305,,,,,,,
micro_stipe_more_characters_brachycystidia_present,306,,,,,,,
micro_stipe_more_characters_brachycystidia_form,307,,,,,,,
micro_stipe_more_characters_brachycystidia_width,308,,,,,,,
micro_stipe_more_characters_brachycystidia_height,309,,,,,,,
micro_stipe_more_characters_lamprocystidia_present,310,,,,,,,
micro_stipe_more_characters_lamprocystidia_form,311,,,,,,,
micro_stipe_more_characters_lamprocystidia_width,312,,,,,,,
micro_stipe_more_characters_lamprocystidia_height,313,,,,,,,
micro_stipe_more_characters_mycelial_conidia,314,,,,,,,
micro_stipe_more_characters_sclerotia_layers,315,,,,,,,
micro_stipe_more_characters_sclerotia_hyphae_appearance,316,,,,,,,
micro_stipe_more_characters_cell_chemical_reaction_test_koh,317,,,,,,,
micro_stipe_more_characters_cell_chemical_reaction_test_lugols,318,,,,,,,
micro_stipe_more_characters_cell_chemical_reaction_test_sulfuric_acid,319,,,,,,,
micro_stipe_more_characters_melzers,320,,,,,,,
micro_stipe_more_characters_clamp_connection_present,321,,,,,,,
micro_stipe_more_characters_setae_present,322,,,,,,,
micro_stipe_more_characters_acanthocytesPresent,323,,,,,,,
micro_stipe_more_characters_basal_mycelium_crystals_present,324,,,,,,,
micro_stipe_more_characters_spores_exhibit_calyptration,325,,,,,,,
micro_stipe_more_characters_spores_exterior_exhibits_covering,326,,,,,,,
micro_stipe_more_characters_refractive_content_present,327,,,,,,,
micro_chemical_tests_sulfovanillin,328,,,,,,,
micro_chemical_tests_melzers,329,,,,,,,
chemosystematics_psilocybin_present,330,,,,,,,
chemosystematics_psilocybin_quantity,331,,,,,,,
chemosystematics_psilocin_present,332,,,,,,,
chemosystematics_psilocin_quantity,333,,,,,,,
chemosystematics_cyanescin_present,334,,,,,,,
chemosystematics_cyanescin_quantity,335,,,,,,,
chemosystematics_nor_cyanescin_present,336,,,,,,,
chemosystematics_nor_cyanescin_quantity,337,,,,,,,
chemosystematics_aeruginascin_present,338,,,,,,,
chemosystematics_aeruginascin_quantity,339,,,,,,,
chemosystematics_1_methylpsilocin_present,340,,,,,,,
chemosystematics_1_methylpsilocin_quantity,341,,,,,,,
chemosystematics_4_chloroindole_3_acetic_acid_4_CI_IAA_present,342,,,,,,,
chemosystematics_4_chloroindole_3_acetic_acid_4_CI_IAA_quantity,343,,,,,,,
chemosystematics_4_hydroxytryptophan_present,344,,,,,,,
chemosystematics_4_hydroxytryptophan_quantity,345,,,,,,,
chemosystematics_4_hydroxytryptamine_present,346,,,,,,,
chemosystematics_4_hydroxytryptamine_quantity,347,,,,,,,
chemosystematics_4_hydroxy_l_tryptophan_present,348,,,,,,,
chemosystematics_4_hydroxy_l_tryptophan_quantity,349,,,,,,,
chemosystematics_4_hydroxyindole_present,350,,,,,,,
chemosystematics_4_hydroxyindole_quantity,351,,,,,,,
chemosystematics_4_ho_met_present,352,,,,,,,
chemosystematics_4_ho_met_quantity,353,,,,,,,
chemosystematics_4_ho_mipt_present,354,,,,,,,
chemosystematics_4_ho_mipt_quantity,355,,,,,,,
chemosystematics_5_hydroxyindoleacetic_acid_present,356,,,,,,,
chemosystematics_5_hydroxyindoleacetic_acid_quantity,357,,,,,,,
chemosystematics_5_hydroxytryptamine_present,358,,,,,,,
chemosystematics_5_hydroxytryptamine_quantity,359,,,,,,,
chemosystematics_5_hydroxytryptophan_present,360,,,,,,,
chemosystematics_5_hydroxytryptophan_quantity,361,,,,,,,
chemosystematics_5_6_dihydroxyindole_dhi_present,362,,,,,,,
chemosystematics_5_6_dihydroxyindole_dhi_quantity,363,,,,,,,
chemosystematics_7_acetyl_4_methy_lazulene_1_carbalehyde_present,364,,,,,,,
chemosystematics_7_acetyl_4_methy_lazulene_1_carbaldehyde_quantity,365,,,,,,,
chemosystematics_7_isopropenyl_4_methyl_azulene_1_carboxyli_acid_present,366,,,,,,,
chemosystematics_7_isopropenyl_4_methyl_azulene_1_carboxylic_acid_quantity,367,,,,,,,
chemosystematics_methyl_stearate_present,368,,,,,,,
chemosystematics_methyl_stearate_quantity,369,,,,,,,
chemosystematics_15_hydroxy_3_6_dihydrolactarazulene_present,370,,,,,,,
chemosystematics_15_hydroxy_3_6_dihydrolactarazulene_quantity,371,,,,,,,
chemosystematics_15_hydroxy_6_7_dihydrolactarazulene_present,372,,,,,,,
chemosystematics_15_hydroxy_6_7_dihydrolactarazulene_quantity,373,,,,,,,
chemosystematics_amatoxins_present,374,,,,,,,
chemosystematics_amatoxins_quantity,375,,,,,,,
chemosystematics_amanitins_present,376,,,,,,,
chemosystematics_amanitins_quantity,377,,,,,,,
chemosystematics_azulene_present,378,,,,,,,
chemosystematics_azulene_quantity,379,,,,,,,
chemosystematics_b-carbolines_present,380,,,,,,,
chemosystematics_b-carbolines_quantity,381,,,,,,,
chemosystematics_baeocystin_1_present,382,,,,,,,
chemosystematics_baeocystin_1_quantity,383,,,,,,,
chemosystematics_bis_trimethyl_silyl_psilocybin_present,384,,,,,,,
chemosystematics_bis_trimethyl_silyl_psilocybin_quantity,385,,,,,,,
chemosystematics_bis_trimethyl_silyl_psilocin_present,386,,,,,,,
chemosystematics_bis_trimethyl_silyl_psilocin_quantity,387,,,,,,,
chemosystematics_bufotenin_present,388,,,,,,,
chemosystematics_bufotenin_quantity,389,,,,,,,
chemosystematics_bufotenidine_present,390,,,,,,,
chemosystematics_bufotenidine_quantity,391,,,,,,,
chemosystematics_cathinone_present,392,,,,,,,
chemosystematics_cathinone_quantity,393,,,,,,,
chemosystematics_chamazulene_present,394,,,,,,,
chemosystematics_chamazulene_quantity,395,,,,,,,
chemosystematics_d_lysergic_acid_present,396,,,,,,,
chemosystematics_d-lysergic_acid_quantity,397,,,,,,,
chemosystematics_dopa_present,398,,,,,,,
chemosystematics_dopa_quantity,399,,,,,,,
chemosystematics_dopamine_present,400,,,,,,,
chemosystematics_dopamine_quantity,401,,,,,,,
chemosystematics_dopaminechrome_present,402,,,,,,,
chemosystematics_dopaminechrome_quantity,403,,,,,,,
chemosystematics_dopamine_quinone_present,404,,,,,,,
chemosystematics_dopamine_quinone_quantity,405,,,,,,,
chemosystematics_guaiazulene_present,406,,,,,,,
chemosystematics_guaiazulene_quantity,407,,,,,,,
chemosystematics_gyrocyanin_present,408,,,,,,,
chemosystematics_gyrocyanin_quantity,409,,,,,,,
chemosystematics_harmane_present,410,,,,,,,
chemosystematics_harmane_quantity,411,,,,,,,
chemosystematics_harmine_present,412,,,,,,,
chemosystematics_harmine_quantity,413,,,,,,,
chemosystematics_harmol_present,414,,,,,,,
chemosystematics_harmol_quantity,415,,,,,,,
chemosystematics_hispidin_present,416,,,,,,,
chemosystematics_hispidin_quantity,417,,,,,,,
chemosystematics_indigoidine_present,418,,,,,,,
chemosystematics_indigoidine_quantity,419,,,,,,,
chemosystematics_indole_present,420,,,,,,,
chemosystematics_indole_quantity,421,,,,,,,
chemosystematics_indole_3_acetic_acid_present,422,,,,,,,
chemosystematics_indole_3_acetic_acid_quantity,423,,,,,,,
chemosystematics_indole_3_butyric_acid_present,424,,,,,,,
chemosystematics_indole_3_butyric_acid_quantity,425,,,,,,,
chemosystematics_indolyl_present,426,,,,,,,
chemosystematics_indolyl_quantity,427,,,,,,,
chemosystematics_isatin_present,428,,,,,,,
chemosystematics_isatin_quantity,429,,,,,,,
chemosystematics_leucochrome_present,430,,,,,,,
chemosystematics_leucochrome_quantity,431,,,,,,,
chemosystematics_luciferin_present,432,,,,,,,
chemosystematics_luciferin_quantity,433,,,,,,,
chemosystematics_luciferase_present,434,,,,,,,
chemosystematics_luciferase_quantity,435,,,,,,,
chemosystematics_matricin_present,436,,,,,,,
chemosystematics_matricin_quantity,437,,,,,,,
chemosystematics_melatonin_present,438,,,,,,,
chemosystematics_melatonin_quantity,439,,,,,,,
chemosystematics_monoamine_oxidase_inhibitors_present,440,,,,,,,
chemosystematics_monoamine_oxidase_inhibitors_quantity,441,,,,,,,
chemosystematics_muscarine_present,442,,,,,,,
chemosystematics_muscarine_quantity,443,,,,,,,
chemosystematics_n_methyltryptamine_present,444,,,,,,,
chemosystematics_n_methyltryptamine_quantity,445,,,,,,,
chemosystematics_n_n_dimethyltryptamine_present,446,,,,,,,
chemosystematics_n_n_dimethyltryptamine_quantity,447,,,,,,,
chemosystematics_n_acetylserotonin _nas_normelatonin_present,448,,,,,,,
chemosystematics_n_acetylserotonin _nas_normelatonin_quantity,449,,,,,,,
chemosystematics_nitric_oxide_present,450,,,,,,,
chemosystematics_nitric_oxide_quantity,451,,,,,,,
chemosystematics_norepinephrine_present,452,,,,,,,
chemosystematics_norepinephrine_quantity,453,,,,,,,
chemosystematics_norharmine_present,454,,,,,,,
chemosystematics_norharmine_quantity,455,,,,,,,
chemosystematics_norpsilocin_present,456,,,,,,,
chemosystematics_norpsilocin_quantity,457,,,,,,,
chemosystematics_oxindole_2_Indolone_present,458,,,,,,,
chemosystematics_oxindole_2_Indolone_quantity,459,,,,,,,
chemosystematics_oxytocin_present,460,,,,,,,
chemosystematics_oxytocin_quantity,461,,,,,,,
chemosystematics_phallotoxins_and_phalloidins_present,462,,,,,,,
chemosystematics_phallotoxins_and_phalloidins_quantity,463,,,,,,,
chemosystematics_phenylethylamine_present,464,,,,,,,
chemosystematics_phenylethylamine_quantity,465,,,,,,,
chemosystematics_prolactin_present,466,,,,,,,
chemosystematics_prolactin_quantity,467,,,,,,,
chemosystematics_psilacetin_o_acetylpsilocin_4_aco_dmt_present,468,,,,,,,
chemosystematics_psilacetin (o_acetylpsilocin_4_aco_dmt_quantity,469,,,,,,,
chemosystematics_psilocybin_1_present,470,,,,,,,
chemosystematics_psilocybin_1_quantity,471,,,,,,,
chemosystematics_pulvinic_acids_present,472,,,,,,,
chemosystematics_pulvinic_acids_quantity,473,,,,,,,
chemosystematics_quinone_methide_present,474,,,,,,,
chemosystematics_quinone_methide_quantity,475,,,,,,,
chemosystematics_sanguinone_a_present,476,,,,,,,
chemosystematics_sanguinone_a_quantity,477,,,,,,,
chemosystematics_sanguinone_b_present,478,,,,,,,
chemosystematics_sanguinone_b_quantity,479,,,,,,,
chemosystematics_seratoni_5_ht_present,480,,,,,,,
chemosystematics_seratoni_5_ht_quantity,481,,,,,,,
chemosystematics_tryptamine_present,482,,,,,,,
chemosystematics_tryptamine_quantity,483,,,,,,,
chemosystematics_tryptophan_variegatic_acid present,484,,,,,,,
chemosystematics_tryptophan_variegatic_acid_quantity,485,,,,,,,
chemosystematics_vasopressin_present,486,,,,,,,
chemosystematics_vasopressin_quantity,487,,,,,,,
chemosystematics_known_novel_maois_monoamine_oxidase_inhibitors_present,488,,,,,,,
chemosystematics_muscarine_present,489,,,,,,,
chemosystematics_muscimol_present,490,,,,,,,
chemosystematics_ibotenic_acid_present,491,,,,,,,
chemosystematics_antamanide_present,492,,,,,,,
chemosystematics_novel_amatoxins_present,493,,,,,,,
chemosystematics_phallotoxins_present,494,,,,,,,
chemosystematics_phallolysin_present,495,,,,,,,
chemosystematics_virotoxins_present,496,,,,,,,
chemosystematics_alpha_amanitin_present,497,,,,,,,
chemosystematics_beta_amanitin_present,498,,,,,,,
chemosystematics_gamma_amanitin_present,499,,,,,,,
chemosystematics_epilson_amanitin_present,500,,,,,,,
chemosystematics_delta_amanitin_present,501,,,,,,,
chemosystematics_amanullin_present,502,,,,,,,
chemosystematics_amanullinic_acid_present,503,,,,,,,
chemosystematics_amaninamide_present,504,,,,,,,
chemosystematics_amanin_present,505,,,,,,,
chemosystematics_proamanullin_present,506,,,,,,,
chemosystematics_anti_bacterial_chemical_present,507,,,,,,,
chemosystematics_anti_fungal_chemical_present,508,,,,,,,
chemosystematics_anti_cancer_chemical_present,509,,,,,,,
chemosystematics_anti_mosquito_chemical_present,510,,,,,,,
chemosystematics_anti_nematode_chemical_present,511,,,,,,,
chemosystematics_anti_tick_chemical_present,512,,,,,,,
chemosystematics_anti_protozoal_chemical_present,513,,,,,,,
chemosystematics_anti_viral_chemical_present,514,,,,,,,
chemosystematics_dna_sequence_relevant_production,515,,,,,,,
chemosystematics_separate_test_caps,516,,,,,,,
chemosystematics_separate_test_stems,517,,,,,,,
chemosystematics_separate_test_gill_tissue,518,,,,,,,
chemosystematics_separate_test_mycelium,519,,,,,,,
mating_compatibility_agar,520,,,,,,,
mating_compatibility_mating_type_locus_sequence,521,,,,,,,
mating_compatibility_mating_types_quantity,522,,,,,,,
mating_compatibility_mycelium_growth_pattern_description,523,,,,,,,
mating_compatibility_mycorrhizal_relationship,524,,,,,,,
mating_compatibility_predictive_dna_sequences,525,,,,,,,
mycelium_thin_or_thick_walled_hypha_present,526,,,,,,,
mycelium_mycelial_cystidia_present,527,,,,,,,
mycelium_aerial_hyphae_present,528,,,,,,,
mycelium_vegetative_hypha_present,529,,,,,,,
mycelium_advancing_zone_present,530,,,,,,,
mycelium_conidia_present,531,,,,,,,
mycelium_chlamydospores_present,532,,,,,,,
mycelium_arthrospores_present,533,,,,,,,
mycelium_clamp_connections_present,534,,,,,,,
mycelium_anastomoses_present,535,,,,,,,
mycelium_shape_form,536,,,,,,,
mycelium_size,537,,,,,,,
mycelium_elevation_side_view,538,,,,,,,
mycelium_margin_border,539,,,,,,,
mycelium_surface,540,,,,,,,
mycelium_opacity,541,,,,,,,
mycelium_colors,542,,,,,,,
mycelium_observable_transformations_phases,543,,,,,,,
mycelium_reaction_to_sectioning_damage,544,,,,,,,
mycelium_cold_shocking_response,545,,,,,,,
mycelium_hypha_exhibit_gravitropism,546,,,,,,,
mycelium_hypha_exhibit_thigmotropism,547,,,,,,,
mycelium_hypha_exhibit_phototropism,548,,,,,,,
mycelium_hypha_exhibit_aerotropism,549,,,,,,,
mycelium_hypha_exhibit_galvanotropism,550,,,,,,,
mycelium_hyphal_coils_present,551,,,,,,,
mycelium_electromagnetic_light_test,552,,,,,,,
mycelium_zonate_mycelium,553,,,,,,,
dna_complete_its_region_sequence,554,,,,,,,
dna_entire_genome_sequence,555,,,,,,,
dna_exome_sequencing,556,,,,,,,
dna_additional_regions,557,,,,,,,
dna_genome_sequence_sub_surface_mycelium,558,,,,,,,
dna_substrata_sequences,559,,,,,,,
dna_all_sequences,560,,,,,,,